player_id,player,team,games_played,min,off_rating,def_rating,season
203932,Aaron Gordon,DEN,75,31.7,117.3,111.1,2021-22
1630565,Aaron Henry,PHI,6,2.8,71.1,127.0,2021-22
1628988,Aaron Holiday,PHX,63,16.2,106.8,108.2,2021-22
1630174,Aaron Nesmith,BOS,52,11.0,107.3,104.3,2021-22
1630598,Aaron Wiggins,OKC,50,24.2,104.5,112.6,2021-22
1627846,Abdel Nader,PHX,14,10.4,95.1,96.0,2021-22
1630278,Ade Murkey,SAC,1,1.5,33.3,66.7,2021-22
1629678,Admiral Schofield,ORL,38,12.3,100.3,113.8,2021-22
1629958,Ahmad Caver,IND,1,0.8,200.0,66.7,2021-22
201143,Al Horford,BOS,69,29.1,112.8,103.4,2021-22
202692,Alec Burks,NYK,81,28.6,110.3,108.1,2021-22
1630758,Aleem Ford,ORL,5,14.7,98.6,120.7,2021-22
1630197,Aleksej Pokusevski,OKC,61,20.2,103.6,106.1,2021-22
1627936,Alex Caruso,CHI,41,28.0,110.5,105.5,2021-22
203458,Alex Len,SAC,39,15.9,106.0,111.4,2021-22
1628035,Alfonzo McKinnie,CHI,17,12.1,108.6,121.5,2021-22
1628993,Alize Johnson,NOP,23,7.3,105.1,115.7,2021-22
1630578,Alperen Sengun,HOU,72,20.7,106.4,116.6,2021-22
1629599,Amir Coffey,LAC,69,22.7,110.1,111.0,2021-22
203083,Andre Drummond,BKN,73,19.7,112.2,109.8,2021-22
2738,Andre Iguodala,GSW,31,19.4,105.7,97.0,2021-22
203952,Andrew Wiggins,GSW,73,31.9,111.2,105.4,2021-22
1629014,Anfernee Simons,POR,57,29.5,110.5,112.9,2021-22
203076,Anthony Davis,LAL,40,35.1,105.9,108.9,2021-22
1630162,Anthony Edwards,MIN,72,34.2,114.6,110.6,2021-22
1630264,Anthony Gill,WAS,44,10.5,114.7,108.9,2021-22
1630237,Anthony Lamb,HOU,2,3.8,105.9,76.5,2021-22
1629717,Armoni Brooks,TOR,54,15.6,108.3,112.1,2021-22
1629083,Arnoldas Kulboka,CHA,2,2.7,50.0,150.0,2021-22
1630559,Austin Reaves,LAL,61,23.2,110.8,109.0,2021-22
203085,Austin Rivers,DEN,67,22.1,113.0,111.1,2021-22
202340,Avery Bradley,LAL,62,22.7,105.4,111.2,2021-22
1630245,Ayo Dosunmu,CHI,77,27.4,109.1,114.1,2021-22
1629168,BJ Johnson,ORL,4,16.1,103.8,113.0,2021-22
1628389,Bam Adebayo,MIA,56,32.6,113.1,104.9,2021-22
203463,Ben McLemore,POR,64,20.1,101.9,115.0,2021-22
202687,Bismack Biyombo,PHX,36,14.1,111.8,106.2,2021-22
201933,Blake Griffin,BKN,56,17.1,107.8,112.5,2021-22
1626246,Boban Marjanović,DAL,23,5.6,108.3,95.5,2021-22
1626171,Bobby Portis,MIL,72,28.2,114.7,108.5,2021-22
203992,Bogdan Bogdanović,ATL,63,29.3,116.6,112.1,2021-22
202711,Bojan Bogdanović,UTA,69,30.9,116.2,111.4,2021-22
1629626,Bol Bol,ORL,14,5.8,102.3,101.7,2021-22
1630538,Bones Hyland,DEN,69,19.0,113.4,111.7,2021-22
202954,Brad Wanamaker,WAS,23,13.9,104.0,110.3,2021-22
203078,Bradley Beal,WAS,40,36.0,107.1,110.5,2021-22
1630527,Brandon Boston,LAC,51,14.9,102.9,104.9,2021-22
1629634,Brandon Clarke,MEM,64,19.5,113.2,105.7,2021-22
1629164,Brandon Goodwin,CLE,36,13.9,106.3,112.6,2021-22
1627742,Brandon Ingram,NOP,55,34.0,112.7,109.4,2021-22
202688,Brandon Knight,DAL,5,12.9,103.6,107.2,2021-22
1630314,Brandon Williams,POR,24,26.7,101.2,121.6,2021-22
1630296,Braxton Key,DET,11,17.9,113.2,105.2,2021-22
1630271,Brodric Thomas,BOS,12,5.0,106.7,103.7,2021-22
201572,Brook Lopez,MIL,13,23.0,110.2,111.6,2021-22
1628971,Bruce Brown,BKN,72,24.6,111.7,112.0,2021-22
1628981,Bruno Fernando,HOU,30,5.1,100.0,110.1,2021-22
1627854,Bryn Forbes,DEN,75,17.1,109.3,109.8,2021-22
1627741,Buddy Hield,IND,81,30.8,111.4,115.1,2021-22
1629604,CJ Elleby,POR,58,20.2,102.6,116.9,2021-22
203468,CJ McCollum,NOP,62,34.6,112.1,114.0,2021-22
101139,CJ Miles,BOS,1,2.0,80.0,180.0,2021-22
1630595,Cade Cunningham,DET,64,32.6,106.9,113.1,2021-22
1628997,Caleb Martin,MIA,60,22.9,111.8,106.2,2021-22
1629629,Cam Reddish,NYK,49,20.7,103.2,113.0,2021-22
1630560,Cam Thomas,BKN,67,17.6,106.3,112.7,2021-22
1629661,Cameron Johnson,PHX,66,26.2,110.8,104.6,2021-22
1630787,Cameron McGriff,POR,3,15.3,122.3,115.1,2021-22
1628419,Cameron Oliver,ATL,2,21.7,122.5,123.3,2021-22
1626166,Cameron Payne,PHX,58,22.0,109.1,102.7,2021-22
1627747,Caris LeVert,CLE,58,30.7,112.7,114.5,2021-22
1630637,Carlik Jones,DEN,5,4.7,88.7,121.8,2021-22
2546,Carmelo Anthony,LAL,69,26.0,108.7,111.7,2021-22
1629035,Carsen Edwards,DET,4,19.8,108.5,114.4,2021-22
1630199,Cassius Stanley,DET,9,17.2,100.9,105.2,2021-22
1630216,Cassius Winston,WAS,7,5.6,107.7,111.1,2021-22
1627760,Cat Barber,ATL,3,4.3,131.0,96.4,2021-22
1626224,Cedi Osman,CLE,66,22.1,107.5,109.2,2021-22
1628990,Chandler Hutchison,PHX,6,3.7,109.6,82.4,2021-22
1629646,Charles Bassey,PHI,23,7.3,98.6,107.4,2021-22
1629718,Charlie Brown Jr.,PHI,22,8.1,99.7,103.4,2021-22
1630602,Chaundee Brown Jr.,ATL,5,20.7,104.1,112.8,2021-22
1627767,Cheick Diallo,DET,3,10.2,82.2,132.9,2021-22
1629002,Chimezie Metu,SAC,60,21.3,106.1,111.8,2021-22
1628449,Chris Boucher,TOR,80,21.1,111.0,105.7,2021-22
1629185,Chris Chiozza,GSW,34,10.9,100.4,108.3,2021-22
1630537,Chris Duarte,IND,55,28.0,107.6,109.7,2021-22
101108,Chris Paul,PHX,65,32.9,115.6,105.5,2021-22
1629735,Chris Silva,MIA,10,9.1,101.5,117.6,2021-22
1626174,Christian Wood,HOU,68,30.8,106.6,115.7,2021-22
1629643,Chuma Okeke,ORL,70,25.0,100.3,109.1,2021-22
203991,Clint Capela,ATL,74,27.6,116.6,113.3,2021-22
1629632,Coby White,CHI,61,27.5,112.3,113.6,2021-22
1628998,Cody Martin,CHA,71,26.3,113.1,113.0,2021-22
203469,Cody Zeller,POR,27,13.1,108.8,110.9,2021-22
1630175,Cole Anthony,ORL,65,31.7,105.7,111.1,2021-22
1629012,Collin Sexton,CLE,11,28.8,99.2,105.0,2021-22
1630557,Corey Kispert,WAS,77,23.4,113.0,112.9,2021-22
202709,Cory Joseph,DET,65,24.6,105.3,111.7,2021-22
1628591,Craig Sword,WAS,3,6.3,102.9,94.6,2021-22
1626156,D'Angelo Russell,MIN,65,31.9,114.5,109.8,2021-22
201571,D.J. Augustin,LAL,55,16.1,106.9,117.5,2021-22
1628391,D.J. Wilson,TOR,4,13.5,100.0,116.5,2021-22
1629610,DaQuan Jeffries,MEM,3,2.9,89.5,100.0,2021-22
1630227,Daishen Nix,HOU,24,10.9,104.4,111.0,2021-22
1629751,Dakota Mathias,MEM,6,2.7,66.7,92.1,2021-22
1630625,Dalano Banton,TOR,64,10.9,106.6,105.1,2021-22
1627745,Damian Jones,SAC,56,18.2,106.7,113.5,2021-22
203081,Damian Lillard,POR,29,36.4,113.0,114.8,2021-22
1627814,Damion Lee,GSW,63,19.9,109.3,106.5,2021-22
1628422,Damyean Dotson,NYK,2,10.3,109.8,110.5,2021-22
1629655,Daniel Gafford,WAS,72,20.1,108.6,115.5,2021-22
1630187,Daniel Oturu,TOR,3,9.1,94.8,131.7,2021-22
1628464,Daniel Theis,BOS,47,20.8,104.4,108.4,2021-22
201568,Danilo Gallinari,ATL,66,25.3,116.0,112.6,2021-22
201980,Danny Green,PHI,62,21.8,111.5,108.5,2021-22
1627863,Danuel House Jr.,UTA,42,17.3,109.4,105.5,2021-22
1629647,Darius Bazley,OKC,69,27.9,101.8,113.1,2021-22
1629636,Darius Garland,CLE,68,35.7,113.6,106.9,2021-22
201954,Darren Collison,LAL,3,12.4,98.9,117.2,2021-22
1630561,David Duke Jr.,BKN,22,15.5,110.7,110.6,2021-22
1630525,David Johnson,TOR,2,1.0,50.0,125.0,2021-22
1628021,David Nwaba,HOU,46,13.2,106.9,115.9,2021-22
1630558,Davion Mitchell,SAC,75,27.7,105.3,111.3,2021-22
202722,Davis Bertans,DAL,56,14.4,109.5,108.5,2021-22
1628432,Davon Reed,DEN,48,13.9,109.8,109.5,2021-22
1630549,Day'Ron Sharpe,BKN,32,12.2,115.6,108.8,2021-22
1628368,De'Aaron Fox,SAC,59,35.3,112.1,116.5,2021-22
1629631,De'Andre Hunter,ATL,53,29.8,114.6,113.9,2021-22
1629001,De'Anthony Melton,MEM,73,22.7,112.0,106.4,2021-22
201599,DeAndre Jordan,PHI,48,13.0,100.7,111.5,2021-22
1627761,DeAndre' Bembry,MIL,56,18.3,110.0,110.5,2021-22
1630610,DeJon Jarreau,IND,1,0.9,200.0,100.0,2021-22
201942,DeMar DeRozan,CHI,76,36.1,113.1,112.0,2021-22
202326,DeMarcus Cousins,DEN,48,14.9,113.8,111.7,2021-22
1629731,Dean Wade,CLE,51,19.2,105.8,103.8,2021-22
1629028,Deandre Ayton,PHX,58,29.5,117.2,107.7,2021-22
1629686,Deividas Sirvydis,DET,3,8.9,67.2,109.5,2021-22
1627749,Dejounte Murray,SAS,68,34.8,112.9,111.0,2021-22
1626153,Delon Wright,ATL,77,18.9,111.6,108.8,2021-22
1630166,Deni Avdija,WAS,82,24.2,109.2,110.1,2021-22
203471,Dennis Schröder,HOU,64,28.7,106.9,107.9,2021-22
1628372,Dennis Smith Jr.,POR,37,17.3,100.7,110.6,2021-22
1627756,Denzel Valentine,UTA,24,9.2,101.9,107.0,2021-22
202324,Derrick Favors,OKC,39,16.7,95.5,106.5,2021-22
1627884,Derrick Jones Jr.,CHI,51,17.6,112.8,110.1,2021-22
201565,Derrick Rose,NYK,26,24.5,109.1,103.3,2021-22
1628476,Derrick Walton Jr.,DET,3,36.1,103.5,103.0,2021-22
1628401,Derrick White,BOS,75,29.3,111.3,106.4,2021-22
1630217,Desmond Bane,MEM,76,29.8,114.7,107.8,2021-22
1626164,Devin Booker,PHX,68,34.5,117.6,108.1,2021-22
1629962,Devin Cannady,ORL,5,28.9,107.0,109.6,2021-22
1630170,Devin Vassell,SAS,71,27.3,111.2,110.2,2021-22
1629653,Devon Dotson,CHI,11,7.7,109.6,112.0,2021-22
1629719,Devontae Cacok,SAS,15,8.1,104.5,106.1,2021-22
1628984,Devonte' Graham,NOP,76,28.4,111.4,111.1,2021-22
203473,Dewayne Dedmon,MIA,67,15.9,109.5,106.0,2021-22
1629712,Didi Louzada,POR,9,14.4,83.0,112.1,2021-22
1628415,Dillon Brooks,MEM,32,27.7,116.9,105.9,2021-22
1627734,Domantas Sabonis,SAC,62,34.4,109.5,110.1,2021-22
1628378,Donovan Mitchell,UTA,67,33.8,117.6,111.7,2021-22
1628978,Donte DiVincenzo,SAC,42,23.9,107.5,111.2,2021-22
1627827,Dorian Finney-Smith,DAL,80,33.0,114.8,110.4,2021-22
203926,Doug McDermott,SAS,51,24.0,112.3,114.1,2021-22
203110,Draymond Green,GSW,46,28.9,110.0,102.8,2021-22
1629234,Drew Eubanks,POR,71,17.5,103.1,115.9,2021-22
1630613,Duane Washington Jr.,IND,48,20.2,110.2,116.1,2021-22
1629130,Duncan Robinson,MIA,79,25.9,110.4,107.9,2021-22
2730,Dwight Howard,LAL,60,16.2,109.3,115.0,2021-22
203939,Dwight Powell,DAL,82,21.9,113.2,110.6,2021-22
1629685,Dylan Windler,CLE,50,9.2,101.6,101.6,2021-22
202334,Ed Davis,CLE,31,6.5,99.5,94.9,2021-22
203901,Elfrid Payton,PHX,50,11.0,103.0,105.0,2021-22
1630190,Elijah Hughes,POR,36,12.1,98.2,121.8,2021-22
1629150,Emanuel Terry,PHX,3,6.1,60.0,110.3,2021-22
1626144,Emmanuel Mudiay,SAC,2,5.5,84.0,107.7,2021-22
202683,Enes Freedom,BOS,35,11.8,111.6,103.8,2021-22
202339,Eric Bledsoe,POR,54,25.2,105.2,106.4,2021-22
201569,Eric Gordon,HOU,57,29.3,108.6,113.6,2021-22
1629672,Eric Paschall,UTA,58,12.7,108.9,111.3,2021-22
1630647,Eugene Omoruyi,DAL,4,4.5,100.0,88.1,2021-22
203095,Evan Fournier,NYK,80,29.5,109.7,112.5,2021-22
1630596,Evan Mobley,CLE,69,33.8,108.5,106.8,2021-22
1630267,Facundo Campazzo,DEN,65,18.2,102.1,110.7,2021-22
1630624,Feron Hunt,NYK,2,4.2,72.2,82.4,2021-22
1628402,Frank Jackson,DET,53,22.0,104.1,110.9,2021-22
1626163,Frank Kaminsky,PHX,9,20.1,105.5,96.0,2021-22
1628373,Frank Ntilikina,DAL,58,11.8,106.6,102.3,2021-22
1630532,Franz Wagner,ORL,79,30.7,105.9,110.8,2021-22
1627832,Fred VanVleet,TOR,65,37.9,112.2,108.5,2021-22
1630273,Freddie Gillespie,ORL,9,13.2,96.7,110.4,2021-22
1627788,Furkan Korkmaz,PHI,67,21.1,108.8,108.0,2021-22
1629216,Gabe Vincent,MIA,68,23.4,109.1,106.0,2021-22
1628221,Gabe York,IND,2,10.7,105.8,120.4,2021-22
1630466,Gabriel Deck,OKC,7,7.9,100.0,113.6,2021-22
1630994,Gabriel Lundberg,PHX,4,11.1,121.4,103.1,2021-22
202066,Garrett Temple,NOP,59,18.6,101.0,114.7,2021-22
1629726,Garrison Mathews,HOU,65,26.3,110.7,116.5,2021-22
1629109,Gary Clark,NOP,38,10.0,105.6,107.8,2021-22
203914,Gary Harris,ORL,61,28.4,104.2,110.1,2021-22
1627780,Gary Payton II,GSW,71,17.6,110.6,102.3,2021-22
1629018,Gary Trent Jr.,TOR,70,35.0,113.5,110.2,2021-22
201588,George Hill,MIL,54,23.2,112.5,100.8,2021-22
1628994,George King,DAL,4,4.8,87.8,150.0,2021-22
1627777,Georges Niang,PHI,76,22.8,110.9,109.0,2021-22
1630686,Georgios Kalaitzakis,OKC,13,16.4,95.7,124.9,2021-22
203507,Giannis Antetokounmpo,MIL,67,32.9,115.9,107.9,2021-22
1629048,Goga Bitadze,IND,50,14.6,114.0,116.4,2021-22
201609,Goran Dragic,BKN,21,23.7,112.1,111.7,2021-22
202330,Gordon Hayward,CHA,49,31.9,110.7,111.0,2021-22
203476,Gorgui Dieng,ATL,44,8.4,100.3,109.5,2021-22
1629684,Grant Williams,BOS,77,24.4,112.5,108.0,2021-22
1628960,Grayson Allen,MIL,66,27.3,112.5,107.5,2021-22
1630535,Greg Brown III,POR,48,13.3,99.1,116.8,2021-22
202328,Greg Monroe,MIN,14,13.9,109.8,108.9,2021-22
1628977,Hamidou Diallo,DET,58,21.9,103.1,110.7,2021-22
203084,Harrison Barnes,SAC,77,33.6,110.0,116.7,2021-22
202355,Hassan Whiteside,UTA,65,17.9,119.2,109.0,2021-22
1629755,Hassani Gravett,ORL,8,21.4,105.8,107.6,2021-22
1629312,Haywood Highsmith,MIA,19,8.6,105.6,114.0,2021-22
1630529,Herbert Jones,NOP,78,29.9,112.2,110.2,2021-22
1629649,Ignas Brazdeikis,ORL,42,12.8,100.6,116.4,2021-22
1630193,Immanuel Quickley,NYK,78,23.1,111.4,104.8,2021-22
1629067,Isaac Bonga,TOR,15,4.6,84.1,106.7,2021-22
1630171,Isaac Okoro,CLE,67,29.6,112.4,109.3,2021-22
1628392,Isaiah Hartenstein,LAC,68,17.9,112.1,105.0,2021-22
1630543,Isaiah Jackson,IND,36,15.0,113.3,116.1,2021-22
1630198,Isaiah Joe,PHI,55,11.1,108.2,106.5,2021-22
1630587,Isaiah Livers,DET,19,20.2,113.8,114.6,2021-22
1629676,Isaiah Roby,OKC,45,21.1,104.6,113.4,2021-22
1630191,Isaiah Stewart,DET,71,25.6,102.6,112.1,2021-22
202738,Isaiah Thomas,CHA,22,15.2,107.8,109.0,2021-22
1630225,Isaiah Todd,WAS,12,6.2,87.7,103.2,2021-22
202397,Ish Smith,WAS,65,17.3,107.1,113.8,2021-22
1630688,Ish Wainright,PHX,45,8.0,106.2,100.6,2021-22
1627826,Ivica Zubac,LAC,76,24.4,108.7,112.2,2021-22
1630550,JT Thor,CHA,33,7.9,107.2,106.9,2021-22
1629630,Ja Morant,MEM,57,33.1,115.3,111.2,2021-22
203210,JaMychal Green,DEN,67,16.2,106.8,110.3,2021-22
1630605,JaQuori McLaughlin,DAL,4,2.7,100.0,134.6,2021-22
201580,JaVale McGee,PHX,74,15.8,110.4,104.6,2021-22
203953,Jabari Parker,BOS,12,9.4,103.9,104.7,2021-22
1630183,Jaden McDaniels,MIN,70,25.8,109.9,109.3,2021-22
1630531,Jaden Springer,PHI,2,2.8,69.2,141.7,2021-22
203109,Jae Crowder,PHX,67,28.1,116.1,105.9,2021-22
1630256,Jae'Sean Tate,HOU,78,26.4,105.3,114.2,2021-22
1630186,Jahmi'us Ramsey,SAC,19,7.0,112.5,118.5,2021-22
1630693,Jaime Echenique,WAS,1,3.1,20.0,50.0,2021-22
1627774,Jake Layman,MIN,34,6.8,105.3,108.7,2021-22
1627751,Jakob Poeltl,SAS,68,29.0,115.2,111.8,2021-22
1628973,Jalen Brunson,DAL,79,31.9,113.8,109.4,2021-22
1630224,Jalen Green,HOU,67,31.9,105.7,116.9,2021-22
1630552,Jalen Johnson,ATL,22,5.5,95.8,105.8,2021-22
1629667,Jalen McDaniels,CHA,55,16.3,111.7,109.1,2021-22
1630188,Jalen Smith,IND,51,18.1,112.0,109.3,2021-22
1630591,Jalen Suggs,ORL,48,27.2,100.6,107.8,2021-22
1630547,James Bouknight,CHA,31,9.8,108.0,114.2,2021-22
203516,James Ennis III,DEN,7,7.9,110.1,109.2,2021-22
201935,James Harden,PHI,65,37.2,114.9,111.4,2021-22
201949,James Johnson,BKN,62,19.2,108.9,110.5,2021-22
1630691,Jamorko Pickett,DET,13,13.6,109.1,108.8,2021-22
1630215,Jared Butler,UTA,42,8.6,112.5,112.6,2021-22
1629607,Jared Harper,NOP,5,8.6,133.3,123.5,2021-22
1628991,Jaren Jackson Jr.,MEM,78,27.3,113.9,106.0,2021-22
1629020,Jarred Vanderbilt,MIN,74,25.4,115.5,110.5,2021-22
1628386,Jarrett Allen,CLE,56,32.3,110.0,106.7,2021-22
1629633,Jarrett Culver,MEM,37,9.1,104.3,106.6,2021-22
1629600,Jarron Cumberland,POR,3,4.1,144.0,103.8,2021-22
1629602,Javin DeLaurier,MIL,1,2.8,171.4,114.3,2021-22
1629750,Javonte Green,CHI,65,23.4,113.6,112.0,2021-22
1630606,Javonte Smart,MIA,17,11.8,99.8,110.3,2021-22
1629637,Jaxson Hayes,NOP,70,20.0,109.7,109.2,2021-22
1630643,Jay Huff,LAL,4,5.1,88.6,52.2,2021-22
1630206,Jay Scrubb,LAC,18,6.7,105.5,98.6,2021-22
1627759,Jaylen Brown,BOS,66,33.6,113.5,103.8,2021-22
1629658,Jaylen Hoard,OKC,7,34.2,101.8,119.1,2021-22
1628537,Jaylen Morris,SAS,3,5.3,114.3,91.4,2021-22
1629669,Jaylen Nowell,MIN,62,15.7,114.5,111.7,2021-22
1629873,Jaysean Paige,DET,1,6.6,43.8,113.3,2021-22
1628369,Jayson Tatum,BOS,76,35.9,115.5,103.4,2021-22
1630288,Jeff Dowtin Jr.,ORL,9,12.0,97.4,109.6,2021-22
201145,Jeff Green,DEN,75,24.7,113.3,111.5,2021-22
1629203,Jemerrio Jones,LAL,2,7.4,83.9,121.9,2021-22
203924,Jerami Grant,DET,47,31.9,102.9,110.7,2021-22
1630526,Jeremiah Robinson-Earl,OKC,49,22.2,101.1,110.9,2021-22
203087,Jeremy Lamb,SAC,56,16.7,110.3,109.7,2021-22
1630579,Jericho Sims,NYK,41,13.5,109.3,102.9,2021-22
1628975,Jevon Carter,MIL,66,13.7,107.3,110.3,2021-22
202710,Jimmy Butler,MIA,57,33.9,114.4,108.4,2021-22
1629111,Jock Landale,SAS,54,10.9,107.9,109.0,2021-22
203925,Joe Harris,BKN,14,30.2,106.6,105.6,2021-22
204060,Joe Ingles,POR,45,24.9,111.9,103.7,2021-22
2207,Joe Johnson,BOS,1,2.0,80.0,180.0,2021-22
1630580,Joe Wieskamp,SAS,29,7.1,106.5,105.1,2021-22
1630555,Joel Ayayi,WAS,7,2.9,94.7,82.5,2021-22
203954,Joel Embiid,PHI,68,33.8,115.6,107.8,2021-22
1628381,John Collins,ATL,54,30.8,113.5,112.7,2021-22
1629723,John Konchar,MEM,72,17.9,109.7,107.0,2021-22
1630257,Jon Teske,MEM,3,2.6,82.4,89.5,2021-22
202685,Jonas Valančiūnas,NOP,74,30.3,111.4,110.2,2021-22
1630228,Jonathan Kuminga,GSW,70,16.9,109.5,107.5,2021-22
1628395,Jordan Bell,CHI,1,2.0,200.0,175.0,2021-22
203903,Jordan Clarkson,UTA,79,27.1,115.7,107.0,2021-22
1630692,Jordan Goodwin,WAS,2,3.0,40.0,150.0,2021-22
1629162,Jordan McLaughlin,MIN,62,14.5,111.4,109.0,2021-22
1629670,Jordan Nwora,MIL,62,19.1,109.5,112.5,2021-22
1629673,Jordan Poole,GSW,76,30.0,112.1,105.5,2021-22
1630648,Jordan Schakel,WAS,4,7.6,101.6,93.8,2021-22
1630631,Jose Alvarado,NOP,54,15.4,112.1,104.8,2021-22
1630528,Josh Christopher,HOU,74,18.0,106.9,116.1,2021-22
1630581,Josh Giddey,OKC,54,31.5,101.1,109.4,2021-22
1630182,Josh Green,DAL,67,15.5,107.5,103.8,2021-22
1628404,Josh Hart,POR,54,33.2,108.4,113.2,2021-22
1628367,Josh Jackson,SAC,51,16.3,103.6,112.2,2021-22
1629006,Josh Okogie,MIN,49,10.5,104.1,101.6,2021-22
1626196,Josh Richardson,SAS,65,24.6,112.3,107.8,2021-22
1630563,Joshua Primo,SAS,50,19.3,107.9,111.2,2021-22
201950,Jrue Holiday,MIL,67,32.9,118.2,109.7,2021-22
1629308,Juan Toscano-Anderson,GSW,73,13.6,109.8,106.9,2021-22
1627823,Juancho Hernangomez,UTA,40,11.1,113.7,113.3,2021-22
203944,Julius Randle,NYK,72,35.3,108.0,111.6,2021-22
1626147,Justin Anderson,IND,16,19.7,116.7,116.9,2021-22
1630551,Justin Champagnie,TOR,36,7.8,115.4,108.0,2021-22
203200,Justin Holiday,SAC,74,27.8,108.8,113.9,2021-22
1628382,Justin Jackson,PHX,7,5.2,84.4,100.0,2021-22
1629620,Justin Robinson,DET,25,12.1,93.8,111.3,2021-22
1626159,Justise Winslow,POR,48,16.1,108.1,105.9,2021-22
203994,Jusuf Nurkić,POR,56,28.2,109.9,110.1,2021-22
1629752,Juwan Morgan,BOS,2,15.5,106.2,132.3,2021-22
1630231,KJ Martin,HOU,79,21.0,108.5,115.4,2021-22
1629644,KZ Okpala,MIA,21,11.6,106.9,104.2,2021-22
1630539,Kai Jones,CHA,21,3.0,93.4,104.4,2021-22
1626157,Karl-Anthony Towns,MIN,74,33.5,116.9,111.6,2021-22
1626208,Keifer Sykes,IND,32,17.7,108.5,112.9,2021-22
1628966,Keita Bates-Diop,SAS,59,16.2,107.0,106.2,2021-22
1629103,Kelan Martin,BOS,30,15.0,102.4,108.6,2021-22
1629640,Keldon Johnson,SAS,75,31.9,113.2,111.1,2021-22
1629833,Keljin Blevins,POR,31,11.3,97.1,124.9,2021-22
203482,Kelly Olynyk,DET,40,19.1,108.4,113.3,2021-22
1626162,Kelly Oubre Jr.,CHA,76,26.3,112.3,112.4,2021-22
202689,Kemba Walker,NYK,37,25.6,105.4,114.5,2021-22
1629026,Kenrich Williams,OKC,49,21.9,102.0,100.3,2021-22
203145,Kent Bazemore,LAL,39,14.0,99.8,108.7,2021-22
203484,Kentavious Caldwell-Pope,WAS,77,30.2,109.1,113.8,2021-22
1630553,Keon Johnson,POR,37,18.8,100.8,119.8,2021-22
1630556,Kessler Edwards,BKN,48,20.6,112.2,115.5,2021-22
201142,Kevin Durant,BKN,55,37.2,116.2,109.7,2021-22
1628989,Kevin Huerter,ATL,74,29.6,116.4,112.5,2021-22
1628995,Kevin Knox II,ATL,30,7.4,98.5,113.7,2021-22
201567,Kevin Love,CLE,74,22.5,108.9,107.4,2021-22
1630698,Kevin Pangos,CLE,24,6.9,104.9,117.1,2021-22
1629645,Kevin Porter Jr.,HOU,61,31.3,108.3,114.9,2021-22
1626172,Kevon Looney,GSW,82,21.1,113.2,107.2,2021-22
203920,Khem Birch,TOR,55,18.0,112.3,112.4,2021-22
203114,Khris Middleton,MIL,66,32.4,115.0,109.6,2021-22
1630165,Killian Hayes,DET,66,25.0,102.6,112.9,2021-22
1629681,Killian Tillie,MEM,36,12.8,109.2,105.8,2021-22
1630184,Kira Lewis Jr.,NOP,24,14.2,94.9,109.0,2021-22
202691,Klay Thompson,GSW,32,29.4,111.4,108.0,2021-22
1627739,Kris Dunn,POR,14,24.0,105.8,117.8,2021-22
204001,Kristaps Porziņģis,WAS,51,29.0,109.9,109.5,2021-22
203937,Kyle Anderson,MEM,69,21.5,110.3,108.3,2021-22
1629657,Kyle Guy,MIA,19,9.8,96.5,110.1,2021-22
1628398,Kyle Kuzma,WAS,66,33.4,108.2,114.3,2021-22
200768,Kyle Lowry,MIA,63,33.9,112.5,106.6,2021-22
202681,Kyrie Irving,BKN,29,37.6,118.9,113.8,2021-22
200746,LaMarcus Aldridge,BKN,47,22.3,111.3,111.1,2021-22
1630163,LaMelo Ball,CHA,75,32.3,114.0,112.5,2021-22
1630205,Lamar Stevens,CLE,63,16.1,108.4,109.7,2021-22
202362,Lance Stephenson,IND,46,17.7,110.4,117.4,2021-22
1629013,Landry Shamet,PHX,69,20.8,107.8,102.9,2021-22
204038,Langston Galloway,MIL,7,15.2,93.4,100.0,2021-22
1626204,Larry Nance Jr.,NOP,46,22.6,110.7,112.6,2021-22
1628374,Lauri Markkanen,CLE,61,30.8,113.9,109.9,2021-22
2544,LeBron James,LAL,56,37.2,110.9,113.5,2021-22
1630195,Leandro Bolmaro,MIN,35,6.9,102.6,102.5,2021-22
1629623,Lindell Wigginton,MIL,19,10.5,107.3,119.2,2021-22
1630322,Lindy Waters III,OKC,25,18.6,108.5,113.2,2021-22
1629022,Lonnie Walker IV,SAS,70,23.0,108.5,111.5,2021-22
1628366,Lonzo Ball,CHI,35,34.6,110.1,107.0,2021-22
101150,Lou Williams,ATL,56,14.3,110.4,109.5,2021-22
1629663,Louis King,SAC,10,10.4,103.1,115.0,2021-22
1629652,Luguentz Dort,OKC,51,32.7,101.9,110.1,2021-22
1629029,Luka Dončić,DAL,65,35.4,113.8,110.3,2021-22
1630568,Luka Garza,DET,32,12.2,104.6,110.9,2021-22
1628379,Luke Kennard,LAC,70,27.4,110.0,106.6,2021-22
1628436,Luke Kornet,BOS,15,6.9,117.2,106.8,2021-22
1630640,MJ Walker,PHX,2,4.2,70.0,89.5,2021-22
1630644,Mac McClung,LAL,2,12.2,124.5,105.4,2021-22
1630201,Malachi Flynn,TOR,44,12.2,109.2,111.8,2021-22
1627763,Malcolm Brogdon,IND,36,33.5,110.8,111.1,2021-22
1630792,Malcolm Hill,CHI,19,11.2,107.4,114.7,2021-22
1627736,Malik Beasley,MIN,79,25.0,112.1,110.1,2021-22
1630238,Malik Fitts,BOS,15,4.2,93.4,109.7,2021-22
1628370,Malik Monk,LAL,76,28.1,113.2,112.9,2021-22
1629005,Malik Newman,CLE,1,7.7,91.7,83.3,2021-22
1629603,Mamadi Diakite,OKC,13,14.4,95.8,98.9,2021-22
1630585,Marcus Garrett,MIA,12,10.7,114.1,108.3,2021-22
202694,Marcus Morris Sr.,LAC,54,29.0,109.2,114.0,2021-22
203935,Marcus Smart,BOS,71,32.3,114.5,105.2,2021-22
1628365,Markelle Fultz,ORL,18,20.0,103.7,109.1,2021-22
202693,Markieff Morris,MIA,17,17.5,112.4,107.9,2021-22
1630250,Marko Simonovic,CHI,9,3.9,105.4,104.2,2021-22
1630210,Markus Howard,DEN,31,5.7,107.9,112.8,2021-22
1627737,Marquese Chriss,DAL,34,10.2,105.4,107.5,2021-22
1628963,Marvin Bagley III,DET,48,23.9,109.3,114.9,2021-22
1630222,Mason Jones,LAL,4,12.6,114.7,91.9,2021-22
203486,Mason Plumlee,CHA,73,24.6,110.5,109.6,2021-22
1629680,Matisse Thybulle,PHI,66,25.5,110.9,107.2,2021-22
1629760,Matt Mooney,NYK,1,1.9,40.0,140.0,2021-22
1630346,Matt Ryan,BOS,1,5.3,116.7,91.7,2021-22
1629744,Matt Thomas,CHI,40,11.5,109.5,108.5,2021-22
203090,Maurice Harkless,SAC,47,18.4,106.7,110.8,2021-22
1629622,Max Strus,MIA,68,23.3,113.7,108.1,2021-22
1628467,Maxi Kleber,DAL,59,24.6,109.2,105.3,2021-22
1630593,McKinley Wright IV,MIN,5,3.8,102.4,128.2,2021-22
1628982,Melvin Frazier Jr.,OKC,3,39.9,91.5,130.3,2021-22
1630695,Micah Potter,DET,3,10.3,60.3,116.7,2021-22
1629008,Michael Porter Jr.,DEN,9,29.4,104.5,94.7,2021-22
1628969,Mikal Bridges,PHX,82,34.8,116.7,106.9,2021-22
201144,Mike Conley,UTA,72,28.6,112.5,104.9,2021-22
203488,Mike Muscala,OKC,43,13.8,106.7,104.9,2021-22
1628970,Miles Bridges,CHA,80,35.5,114.5,112.4,2021-22
1630540,Miles McBride,NYK,40,9.3,113.1,100.1,2021-22
1629011,Mitchell Robinson,NYK,72,25.7,109.1,111.2,2021-22
1629671,Miye Oni,UTA,16,2.8,85.4,118.8,2021-22
1628964,Mo Bamba,ORL,71,25.7,101.8,111.3,2021-22
1626149,Montrezl Harrell,CHA,71,23.1,111.6,108.5,2021-22
1628420,Monté Morris,DEN,75,29.9,116.3,110.4,2021-22
1629021,Moritz Wagner,ORL,63,15.2,105.3,112.6,2021-22
1629650,Moses Brown,CLE,40,8.6,102.4,108.5,2021-22
1630541,Moses Moody,GSW,52,11.7,104.8,108.9,2021-22
1630589,Moses Wright,DAL,4,3.7,100.0,121.9,2021-22
1628539,Mychal Mulder,MIA,17,14.1,100.6,110.8,2021-22
1629619,Myles Powell,PHI,11,4.7,106.3,121.4,2021-22
1626167,Myles Turner,IND,42,29.4,109.7,109.9,2021-22
1630230,Naji Marshall,NOP,55,13.4,105.7,108.0,2021-22
1629642,Nassir Little,POR,42,25.9,110.2,111.1,2021-22
1630207,Nate Hinton,IND,2,1.2,133.3,57.1,2021-22
1630233,Nathan Knight,MIN,37,7.2,105.5,101.9,2021-22
1629675,Naz Reid,MIN,77,15.8,105.5,107.9,2021-22
1629674,Neemias Queta,SAC,15,8.0,104.3,108.4,2021-22
202357,Nemanja Bjelica,GSW,71,16.1,109.2,104.0,2021-22
203457,Nerlens Noel,NYK,25,22.5,104.1,109.8,2021-22
1629651,Nic Claxton,BKN,47,20.7,109.4,109.8,2021-22
1630208,Nick Richards,CHA,50,7.3,102.4,115.4,2021-22
1629638,Nickeil Alexander-Walker,UTA,65,22.6,107.6,110.7,2021-22
201587,Nicolas Batum,LAC,59,24.8,105.4,109.8,2021-22
203917,Nik Stauskas,BOS,8,4.8,109.5,90.2,2021-22
203999,Nikola Jokić,DEN,74,33.5,117.3,108.9,2021-22
202696,Nikola Vučević,CHI,73,33.1,111.3,112.8,2021-22
1626181,Norman Powell,LAC,45,32.4,110.6,118.7,2021-22
203658,Norvel Pelle,UTA,3,6.3,53.7,107.9,2021-22
1628384,OG Anunoby,TOR,48,36.0,112.0,108.1,2021-22
1630167,Obi Toppin,NYK,72,17.1,110.9,104.0,2021-22
1630846,Olivier Sarr,OKC,22,19.1,106.0,108.0,2021-22
1630209,Omer Yurtseven,MIA,56,12.6,113.3,108.0,2021-22
1630168,Onyeka Okongwu,ATL,48,20.7,114.6,109.1,2021-22
1629052,Oshae Brissett,IND,67,23.3,110.8,116.8,2021-22
203490,Otto Porter Jr.,GSW,63,22.2,110.2,103.3,2021-22
200782,P.J. Tucker,MIA,71,27.9,113.2,107.1,2021-22
1629023,P.J. Washington,CHA,65,27.2,115.0,111.5,2021-22
1628408,PJ Dozier,DEN,18,18.9,96.6,109.5,2021-22
1628238,Paris Bass,PHX,2,3.7,94.4,93.8,2021-22
1627783,Pascal Siakam,TOR,68,37.9,114.3,109.6,2021-22
1626192,Pat Connaughton,MIL,65,26.0,111.3,112.1,2021-22
201976,Patrick Beverley,MIN,58,25.4,113.6,109.8,2021-22
1630172,Patrick Williams,CHI,17,24.8,107.8,113.3,2021-22
201988,Patty Mills,BKN,81,29.0,112.3,110.7,2021-22
202331,Paul George,LAC,31,34.8,108.2,103.9,2021-22
200794,Paul Millsap,PHI,33,11.4,106.9,110.4,2021-22
1630194,Paul Reed,PHI,38,8.0,107.7,113.9,2021-22
1628778,Paul Watson,OKC,9,17.4,99.7,117.6,2021-22
1630202,Payton Pritchard,BOS,71,14.1,109.4,107.2,2021-22
1627822,Petr Cornelie,DEN,13,2.9,102.3,96.5,2021-22
1630173,Precious Achiuwa,TOR,73,23.6,108.7,106.7,2021-22
1629656,Quentin Grimes,NYK,46,17.1,102.0,105.0,2021-22
1629683,Quinndary Weatherspoon,GSW,11,6.7,110.8,119.4,2021-22
1630181,R.J. Hampton,ORL,64,21.9,99.1,113.5,2021-22
1629628,RJ Barrett,NYK,70,34.5,108.3,111.6,2021-22
200765,Rajon Rondo,CLE,39,17.9,98.9,106.8,2021-22
203526,Raul Neto,WAS,70,19.6,109.6,112.9,2021-22
1629730,Rayjon Tucker,MIL,5,14.2,114.8,117.5,2021-22
203493,Reggie Bullock Jr.,DAL,68,28.0,113.3,106.7,2021-22
202704,Reggie Jackson,LAC,75,31.2,108.2,109.4,2021-22
1629617,Reggie Perry,POR,10,18.7,100.5,117.1,2021-22
1626158,Richaun Holmes,SAC,45,23.9,107.2,113.0,2021-22
201937,Ricky Rubio,IND,34,28.5,108.6,99.5,2021-22
1630306,Rob Edwards,OKC,2,5.4,50.0,109.1,2021-22
203496,Robert Covington,LAC,71,27.3,110.9,110.2,2021-22
1629057,Robert Williams III,BOS,61,29.6,113.4,103.4,2021-22
1630218,Robert Woodard II,SAS,12,3.5,111.1,94.4,2021-22
201577,Robin Lopez,ORL,36,17.0,103.3,109.7,2021-22
203918,Rodney Hood,LAC,52,13.6,108.8,107.9,2021-22
203585,Rodney McGruder,DET,51,14.8,105.0,108.7,2021-22
1629641,Romeo Langford,SAS,48,16.1,104.0,103.1,2021-22
1626220,Royce O'Neale,UTA,77,31.2,115.8,110.5,2021-22
1630612,Ruben Nembhard Jr.,CLE,14,4.5,82.7,91.1,2021-22
200752,Rudy Gay,UTA,55,18.9,113.6,104.9,2021-22
203497,Rudy Gobert,UTA,66,32.1,114.1,104.5,2021-22
1629060,Rui Hachimura,WAS,42,22.5,108.7,115.8,2021-22
201566,Russell Westbrook,LAL,78,34.3,107.5,111.5,2021-22
1627853,Ryan Arcidiacono,NYK,10,7.6,91.1,99.4,2021-22
1630240,Saben Lee,DET,37,16.3,105.1,110.8,2021-22
1630180,Saddiq Bey,DET,82,33.0,104.7,114.0,2021-22
1626155,Sam Dekker,TOR,1,0.9,0.0,250.0,2021-22
1630573,Sam Hauser,BOS,26,6.1,105.7,106.0,2021-22
1630241,Sam Merrill,MEM,6,9.6,101.6,112.7,2021-22
1630572,Sandro Mamukelashvili,MIL,41,9.9,99.6,117.3,2021-22
1630583,Santi Aldama,MEM,32,11.2,105.9,104.6,2021-22
1630567,Scottie Barnes,TOR,74,35.4,110.2,108.4,2021-22
1630575,Scottie Lewis,CHA,2,3.3,100.0,111.8,2021-22
203816,Scotty Hopson,OKC,1,17.7,81.6,100.0,2021-22
1629635,Sekou Doumbouya,LAL,2,8.2,108.3,40.5,2021-22
1628400,Semi Ojeleye,LAC,30,13.5,97.8,114.4,2021-22
201586,Serge Ibaka,MIL,54,16.3,106.0,108.9,2021-22
203552,Seth Curry,BKN,64,33.3,113.7,109.2,2021-22
1628983,Shai Gilgeous-Alexander,OKC,56,34.7,106.6,113.0,2021-22
1629003,Shake Milton,PHI,55,21.4,108.6,109.6,2021-22
1629783,Shaq Buchanan,MEM,2,4.9,108.7,117.4,2021-22
1627885,Shaquille Harrison,BKN,2,11.3,91.8,104.3,2021-22
1630536,Sharife Cooper,ATL,13,3.0,62.1,106.0,2021-22
1630219,Skylar Mays,ATL,28,7.9,104.6,117.5,2021-22
203524,Solomon Hill,ATL,13,10.7,109.4,95.1,2021-22
203915,Spencer Dinwiddie,DAL,67,29.6,108.4,109.4,2021-22
1626169,Stanley Johnson,LAL,48,22.8,114.0,115.2,2021-22
201939,Stephen Curry,GSW,64,34.5,114.1,103.4,2021-22
1628425,Sterling Brown,DAL,49,12.8,105.4,103.1,2021-22
203500,Steven Adams,MEM,76,26.3,117.8,109.5,2021-22
1629004,Svi Mykhailiuk,TOR,56,12.8,103.6,109.5,2021-22
204456,T.J. McConnell,IND,27,24.2,106.8,112.3,2021-22
1629605,Tacko Fall,CLE,11,5.3,100.0,100.8,2021-22
201959,Taj Gibson,NYK,52,18.2,107.4,104.2,2021-22
1629659,Talen Horton-Tucker,LAL,60,25.2,107.9,110.1,2021-22
1627752,Taurean Prince,MIN,69,17.1,111.6,110.9,2021-22
1629611,Terance Mann,LAC,81,28.6,108.6,107.1,2021-22
1629056,Terence Davis,SAC,30,17.9,113.4,109.0,2021-22
203082,Terrence Ross,ORL,63,23.0,101.9,113.8,2021-22
1626179,Terry Rozier,CHA,73,33.7,113.3,112.0,2021-22
1630678,Terry Taylor,IND,33,21.6,112.2,119.1,2021-22
201152,Thaddeus Young,TOR,52,16.3,106.1,106.3,2021-22
203648,Thanasis Antetokounmpo,MIL,48,9.9,104.3,114.4,2021-22
1630177,Theo Maledon,OKC,51,17.8,101.8,112.3,2021-22
1629033,Theo Pinson,DAL,19,7.8,95.2,107.6,2021-22
1628418,Thomas Bryant,WAS,27,16.3,103.7,112.8,2021-22
204025,Tim Frazier,CLE,12,17.3,92.7,110.2,2021-22
203501,Tim Hardaway Jr.,DAL,42,29.6,108.9,107.7,2021-22
1627789,Timothe Luwawu-Cabarrot,ATL,52,13.2,109.7,113.2,2021-22
202699,Tobias Harris,PHI,73,34.8,113.2,110.0,2021-22
203107,Tomas Satoransky,WAS,55,16.5,104.4,112.4,2021-22
1628396,Tony Bradley,CHI,55,10.0,110.2,105.0,2021-22
203503,Tony Snell,NOP,53,15.5,104.8,112.6,2021-22
1628470,Torrey Craig,PHX,78,20.5,106.8,111.8,2021-22
1629027,Trae Young,ATL,76,34.9,117.2,114.9,2021-22
1629309,Trayvon Palmer,DET,1,16.8,78.8,111.8,2021-22
1630200,Tre Jones,SAS,69,16.6,108.8,109.3,2021-22
1630544,Tre Mann,OKC,60,22.8,101.7,112.0,2021-22
1629682,Tremont Waters,WAS,3,16.8,105.4,122.5,2021-22
1630570,Trendon Watford,POR,48,18.1,100.5,118.4,2021-22
1630235,Trent Forrest,UTA,60,12.8,113.0,108.5,2021-22
1630243,Trevelin Queen,HOU,10,7.4,112.9,107.3,2021-22
1630286,Trevon Scott,CLE,2,5.7,104.0,84.6,2021-22
2772,Trevor Ariza,LAL,24,19.3,106.9,112.2,2021-22
203504,Trey Burke,DAL,42,10.5,103.6,104.2,2021-22
1626168,Trey Lyles,SAC,75,20.5,106.4,113.6,2021-22
1630530,Trey Murphy III,NOP,62,13.9,108.1,107.8,2021-22
202684,Tristan Thompson,CHI,57,15.7,112.1,115.7,2021-22
1628972,Troy Brown Jr.,CHI,66,16.0,109.3,111.7,2021-22
1629660,Ty Jerome,OKC,48,16.7,98.9,100.4,2021-22
1629076,Tyler Cook,CHI,20,10.0,107.1,114.6,2021-22
1629788,Tyler Hall,NYK,1,1.9,40.0,140.0,2021-22
1629639,Tyler Herro,MIA,66,32.6,113.4,108.1,2021-22
204020,Tyler Johnson,SAS,6,15.2,111.9,113.8,2021-22
1630179,Tyrell Terry,MEM,2,1.5,137.5,144.4,2021-22
1630169,Tyrese Haliburton,IND,77,35.0,110.0,115.9,2021-22
1630178,Tyrese Maxey,PHI,75,35.3,113.3,109.7,2021-22
1627820,Tyrone Wallace,NOP,6,12.5,111.5,121.4,2021-22
1626145,Tyus Jones,MEM,73,21.2,113.0,105.5,2021-22
1628962,Udoka Azubuike,UTA,17,11.5,107.8,105.8,2021-22
2617,Udonis Haslem,MIA,13,6.4,92.7,102.3,2021-22
1630586,Usman Garuba,HOU,24,10.0,118.6,111.5,2021-22
1630176,Vernon Carey Jr.,WAS,7,6.3,84.7,132.3,2021-22
203506,Victor Oladipo,MIA,8,21.6,103.3,104.7,2021-22
1628427,Vlatko Čančar,DEN,15,11.8,104.9,104.1,2021-22
1630249,Vít Krejčí,OKC,30,23.0,103.3,116.1,2021-22
201961,Wayne Ellington,LAL,43,18.8,107.5,111.3,2021-22
1627782,Wayne Selden,NYK,3,6.4,80.5,115.0,2021-22
1628976,Wendell Carter Jr.,ORL,62,29.9,105.1,108.8,2021-22
1629117,Wenyen Gabriel,LAL,26,13.8,118.1,111.4,2021-22
1628411,Wes Iwundu,ATL,3,27.4,117.0,118.4,2021-22
202083,Wesley Matthews,MIL,49,20.5,114.4,107.7,2021-22
203115,Will Barton,DEN,71,32.1,112.5,110.4,2021-22
1626161,Willie Cauley-Stein,PHI,20,9.1,105.4,98.2,2021-22
1626195,Willy Hernangomez,NOP,50,16.8,112.5,114.2,2021-22
1629875,Xavier Moon,LAC,10,13.7,112.9,111.5,2021-22
1630270,Xavier Sneed,UTA,9,4.3,93.8,97.6,2021-22
1630214,Xavier Tillman,MEM,53,13.2,105.0,106.4,2021-22
1629139,Yuta Watanabe,TOR,38,11.7,105.7,109.6,2021-22
1630582,Yves Pons,MEM,12,5.9,85.3,106.5,2021-22
1628380,Zach Collins,SAS,28,17.9,110.9,107.8,2021-22
203897,Zach LaVine,CHI,67,34.7,112.5,113.4,2021-22
1630285,Zavier Simpson,OKC,4,43.5,98.6,125.1,2021-22
1630192,Zeke Nnaji,DEN,41,17.0,107.2,110.4,2021-22
1630533,Ziaire Williams,MEM,62,21.7,112.9,108.8,2021-22
1629597,Zylan Cheatham,UTA,1,5.2,18.2,125.0,2021-22
