player,team,games_played,per,ts,usg,ws_48,bpm,vorp,season,player_id,min,off_rating,def_rating,nationality,player_origin,seasons_played,composite_score
Aaron Gordon,DEN,75,15.3,0.602,19.7,0.105,-0.6,0.9,2021-22,203932,31.7,117.3,111.1,USA,USA,3,0.4597
Aaron Gordon,DEN,68,19.5,0.617,21.1,0.158,2.1,2.1,2022-23,203932,30.2,123.0,110.9,USA,USA,3,0.541
Aaron Gordon,DEN,73,16.8,0.607,17.8,0.148,1.3,1.9,2023-24,203932,31.5,119.8,111.1,USA,USA,3,0.4981
Aaron Holiday,PHX,63,12.6,0.544,18.7,0.068,-1.7,0.1,2021-22,1628988,16.2,106.8,108.2,USA,USA,2,0.3182
Aaron Holiday,HOU,78,11.5,0.578,16.7,0.094,-1.5,0.2,2023-24,1628988,16.3,110.5,107.6,USA,USA,2,0.339
Aaron Nesmith,IND,73,10.5,0.566,16.8,0.052,-3.0,-0.4,2022-23,1630174,24.9,113.8,118.5,USA,USA,2,0.4712
Aaron Nesmith,IND,72,12.8,0.631,16.0,0.098,-0.5,0.8,2023-24,1630174,27.7,119.3,115.0,USA,USA,2,0.5095
Aaron Wiggins,OKC,50,10.3,0.556,15.3,0.048,-4.3,-0.7,2021-22,1630598,24.2,104.5,112.6,USA,USA,3,0.3311
Aaron Wiggins,OKC,70,12.2,0.607,14.5,0.097,-2.1,0.0,2022-23,1630598,18.5,112.7,111.2,USA,USA,3,0.4001
Aaron Wiggins,OKC,78,15.6,0.664,16.4,0.144,0.7,0.8,2023-24,1630598,15.7,115.6,110.0,USA,USA,3,0.4663
Al Horford,BOS,69,16.7,0.574,14.8,0.181,4.3,3.2,2021-22,201143,29.1,112.8,103.4,Dominican Republic,International,3,0.3694
Al Horford,BOS,63,13.8,0.631,11.9,0.157,3.3,2.5,2022-23,201143,30.5,118.9,111.1,Dominican Republic,International,3,0.4878
Al Horford,BOS,65,15.0,0.65,12.0,0.172,3.6,2.5,2023-24,201143,26.8,120.9,109.5,Dominican Republic,International,3,0.4922
Alec Burks,NYK,81,13.7,0.559,17.7,0.126,0.8,1.7,2021-22,202692,28.6,110.3,108.1,USA,USA,3,0.3766
Alec Burks,DET,51,16.5,0.602,22.8,0.109,1.2,0.9,2022-23,202692,22.0,112.9,113.9,USA,USA,3,0.5004
Alec Burks,NYK,66,12.9,0.536,24.4,0.054,-2.3,-0.1,2023-24,202692,18.4,107.8,118.5,USA,USA,3,0.472
Alex Caruso,CHI,41,11.7,0.528,13.3,0.082,0.2,0.6,2021-22,1627936,28.0,110.5,105.5,USA,USA,3,0.2857
Alex Caruso,CHI,67,11.5,0.588,11.1,0.109,1.1,1.2,2022-23,1627936,23.5,112.6,106.5,USA,USA,3,0.3389
Alex Caruso,CHI,71,14.5,0.613,14.7,0.115,2.5,2.3,2023-24,1627936,28.7,110.9,110.6,USA,USA,3,0.4323
Alperen Sengun,HOU,72,16.0,0.552,22.0,0.068,-1.0,0.4,2021-22,1630578,20.7,106.4,116.6,Turkey,International,3,0.4594
Alperen Sengun,HOU,75,19.7,0.599,21.4,0.115,1.4,1.9,2022-23,1630578,28.9,112.5,120.3,Turkey,International,3,0.5977
Alperen Sengun,HOU,63,22.0,0.585,27.0,0.163,4.9,3.5,2023-24,1630578,32.5,113.9,113.2,Turkey,International,3,0.5688
Amir Coffey,LAC,69,13.0,0.598,15.8,0.116,-0.3,0.7,2021-22,1629599,22.7,110.1,111.0,USA,USA,2,0.4067
Amir Coffey,LAC,70,10.0,0.604,12.5,0.084,-2.2,-0.1,2023-24,1629599,20.9,114.6,118.0,USA,USA,2,0.4807
Andre Drummond,BKN,73,21.0,0.574,19.0,0.17,1.3,1.2,2021-22,203083,19.7,112.2,109.8,USA,USA,2,0.4524
Andre Drummond,CHI,79,23.0,0.576,21.3,0.175,0.1,0.7,2023-24,203083,17.1,114.1,113.3,USA,USA,2,0.5168
Andrew Nembhard,IND,75,10.0,0.528,16.1,0.029,-3.2,-0.6,2022-23,1629614,27.6,112.3,118.2,Canada,International,2,0.4327
Andrew Nembhard,IND,68,11.3,0.573,16.0,0.057,-2.2,-0.1,2023-24,1629614,25.0,116.1,114.0,Canada,International,2,0.4296
Andrew Wiggins,GSW,73,15.0,0.56,23.1,0.105,0.4,1.4,2021-22,203952,31.9,111.2,105.4,Canada,International,2,0.3575
Andrew Wiggins,GSW,71,12.7,0.544,20.9,0.07,-2.5,-0.3,2023-24,203952,27.0,114.9,116.3,Canada,International,2,0.4674
Anfernee Simons,POR,57,15.3,0.583,24.8,0.055,-0.7,0.5,2021-22,1629014,29.5,110.5,112.9,USA,USA,3,0.4454
Anfernee Simons,POR,62,14.8,0.581,25.1,0.054,-1.1,0.5,2022-23,1629014,35.0,114.1,115.7,USA,USA,3,0.4966
Anfernee Simons,POR,46,15.9,0.568,28.0,0.068,0.2,0.8,2023-24,1629014,34.4,109.9,120.5,USA,USA,3,0.5625
Anthony Davis,LAL,56,27.8,0.627,28.4,0.226,6.3,4.0,2022-23,203076,34.0,114.3,109.5,USA,USA,2,0.587
Anthony Davis,LAL,76,25.8,0.621,26.7,0.21,5.1,4.9,2023-24,203076,35.5,116.5,114.0,USA,USA,2,0.6399
Anthony Edwards,MIN,72,16.5,0.56,26.4,0.084,1.2,2.0,2021-22,1630162,34.2,114.6,110.6,USA,USA,3,0.4599
Anthony Edwards,MIN,79,17.4,0.564,29.9,0.064,1.0,2.1,2022-23,1630162,36.0,113.8,111.9,USA,USA,3,0.4841
Anthony Edwards,MIN,79,19.7,0.575,32.3,0.13,3.3,3.7,2023-24,1630162,35.1,115.8,108.5,USA,USA,3,0.5069
Austin Reaves,LAL,61,11.5,0.6,12.4,0.097,-1.9,0.0,2021-22,1630559,23.2,110.8,109.0,USA,USA,3,0.3503
Austin Reaves,LAL,64,14.9,0.687,16.2,0.142,0.7,1.2,2022-23,1630559,28.8,115.4,110.5,USA,USA,3,0.4801
Austin Reaves,LAL,82,15.5,0.613,20.3,0.108,0.4,1.6,2023-24,1630559,32.1,114.6,115.6,USA,USA,3,0.5246
Austin Rivers,DEN,67,7.2,0.546,12.6,0.037,-3.8,-0.7,2021-22,203085,22.1,113.0,111.1,USA,USA,2,0.3255
Austin Rivers,MIN,52,7.4,0.564,10.5,0.061,-2.8,-0.2,2022-23,203085,19.5,109.8,114.8,USA,USA,2,0.3756
Ayo Dosunmu,CHI,77,11.2,0.596,14.1,0.069,-2.0,0.0,2021-22,1630245,27.4,109.1,114.1,USA,USA,3,0.406
Ayo Dosunmu,CHI,80,10.2,0.567,14.9,0.067,-2.5,-0.2,2022-23,1630245,26.2,108.8,110.1,USA,USA,3,0.3356
Ayo Dosunmu,CHI,76,13.4,0.604,17.2,0.089,-0.8,0.7,2023-24,1630245,29.1,111.6,114.9,USA,USA,3,0.4643
Bam Adebayo,MIA,56,21.8,0.608,25.0,0.188,3.8,2.7,2021-22,1628389,32.6,113.1,104.9,USA,USA,3,0.4522
Bam Adebayo,MIA,75,20.1,0.592,25.2,0.137,1.5,2.3,2022-23,1628389,34.6,113.0,111.2,USA,USA,3,0.4989
Bam Adebayo,MIA,71,19.8,0.576,24.9,0.144,2.4,2.7,2023-24,1628389,34.0,110.1,109.3,USA,USA,3,0.4604
Bennedict Mathurin,IND,78,13.1,0.566,24.6,0.038,-3.7,-1.0,2022-23,1631097,28.5,111.5,115.8,Canada,International,2,0.4486
Bennedict Mathurin,IND,59,13.0,0.562,23.4,0.045,-3.4,-0.6,2023-24,1631097,26.1,115.0,117.9,Canada,International,2,0.4928
Bobby Portis,MIL,72,17.7,0.571,21.3,0.131,0.2,1.1,2021-22,1626171,28.2,114.7,108.5,USA,USA,3,0.4264
Bobby Portis,MIL,70,17.8,0.575,21.7,0.139,0.7,1.2,2022-23,1626171,26.0,111.8,112.0,USA,USA,3,0.4688
Bobby Portis,MIL,82,17.5,0.581,22.9,0.112,-0.8,0.6,2023-24,1626171,24.5,115.9,116.0,USA,USA,3,0.5289
Bogdan Bogdanovic,ATL,63,15.4,0.562,21.6,0.095,1.3,1.5,2021-22,203992,29.3,116.6,112.1,Serbia,International,3,0.4702
Bogdan Bogdanovic,ATL,54,14.2,0.586,19.8,0.088,0.5,0.9,2022-23,203992,27.9,117.3,116.1,Serbia,International,3,0.5173
Bogdan Bogdanovic,ATL,79,14.7,0.569,22.3,0.079,0.2,1.4,2023-24,203992,30.4,116.3,114.4,Serbia,International,3,0.4931
Bojan Bogdanovic,UTA,69,15.7,0.599,23.7,0.118,0.0,1.1,2021-22,202711,30.9,116.2,111.4,Croatia,International,3,0.4808
Bojan Bogdanovic,DET,59,17.4,0.627,25.9,0.09,0.8,1.4,2022-23,202711,32.1,111.3,119.5,Croatia,International,3,0.5878
Bojan Bogdanovic,NYK,57,12.6,0.581,24.6,0.034,-3.2,-0.4,2023-24,202711,25.9,109.9,121.3,Croatia,International,3,0.5245
Bones Hyland,DEN,69,14.4,0.558,23.8,0.088,-0.4,0.5,2021-22,1630538,19.0,113.4,111.7,USA,USA,2,0.4382
Bones Hyland,LAC,56,14.9,0.535,28.0,0.062,-0.8,0.3,2022-23,1630538,19.4,112.7,118.0,USA,USA,2,0.5169
Bradley Beal,WAS,50,19.7,0.593,29.2,0.099,1.8,1.6,2022-23,203078,33.5,116.6,115.9,USA,USA,2,0.5769
Bradley Beal,PHX,53,16.3,0.607,22.7,0.107,0.4,1.1,2023-24,203078,33.3,116.2,113.2,USA,USA,2,0.5045
Brandon Clarke,MEM,64,23.7,0.66,17.7,0.241,4.2,2.0,2021-22,1629634,19.5,113.2,105.7,Canada,International,2,0.4762
Brandon Clarke,MEM,56,20.0,0.682,17.7,0.199,2.5,1.3,2022-23,1629634,19.5,109.0,108.3,Canada,International,2,0.4653
Brandon Ingram,NOP,55,18.7,0.554,29.3,0.099,2.0,1.9,2021-22,1627742,34.0,112.7,109.4,USA,USA,3,0.4568
Brandon Ingram,NOP,45,19.2,0.582,30.8,0.108,1.7,1.5,2022-23,1627742,34.2,115.5,112.5,USA,USA,3,0.5278
Brandon Ingram,NOP,64,18.2,0.578,27.2,0.117,1.2,1.7,2023-24,1627742,32.9,116.6,112.6,USA,USA,3,0.5191
Brook Lopez,MIL,78,18.4,0.63,19.3,0.161,2.1,2.5,2022-23,201572,30.4,113.7,106.6,USA,USA,2,0.4395
Brook Lopez,MIL,79,14.8,0.608,16.0,0.117,1.0,1.8,2023-24,201572,30.5,117.1,111.9,USA,USA,2,0.4732
Bruce Brown,BKN,72,15.0,0.575,15.0,0.13,0.7,1.2,2021-22,1628971,24.6,111.7,112.0,USA,USA,3,0.4335
Bruce Brown,DEN,80,13.3,0.571,17.8,0.09,-0.5,0.9,2022-23,1628971,28.5,113.8,113.0,USA,USA,3,0.4408
Bruce Brown,TOR,67,11.6,0.563,16.5,0.058,-3.3,-0.6,2023-24,1628971,27.8,115.6,121.4,USA,USA,3,0.519
Buddy Hield,IND,81,12.9,0.548,22.4,0.036,-1.2,0.5,2021-22,1627741,30.8,111.4,115.1,Bahamas,International,3,0.4425
Buddy Hield,IND,80,15.4,0.614,20.8,0.085,1.9,2.4,2022-23,1627741,31.0,114.4,116.3,Bahamas,International,3,0.539
Buddy Hield,PHI,84,13.3,0.578,19.2,0.077,0.4,1.3,2023-24,1627741,25.7,116.9,115.7,Bahamas,International,3,0.5011
CJ McCollum,NOP,62,18.3,0.553,27.5,0.081,1.9,2.1,2021-22,203468,34.6,112.1,114.0,USA,USA,3,0.5036
CJ McCollum,NOP,75,15.6,0.541,26.4,0.078,0.8,1.9,2022-23,203468,35.3,114.5,113.5,USA,USA,3,0.4847
CJ McCollum,NOP,66,17.9,0.592,24.7,0.132,3.1,2.8,2023-24,203468,32.7,115.9,112.2,USA,USA,3,0.5254
Cade Cunningham,DET,64,13.1,0.504,27.5,-0.011,-1.6,0.2,2021-22,1630595,32.6,106.9,113.1,USA,USA,2,0.3789
Cade Cunningham,DET,62,17.1,0.546,30.8,0.041,0.3,1.2,2023-24,1630595,33.5,109.9,117.8,USA,USA,2,0.5258
Caleb Martin,MIA,60,14.8,0.611,16.3,0.139,1.1,1.1,2021-22,1628997,22.9,111.8,106.2,USA,USA,3,0.3769
Caleb Martin,MIA,71,11.4,0.571,14.4,0.086,-1.2,0.4,2022-23,1628997,29.3,110.7,110.7,USA,USA,3,0.3706
Caleb Martin,MIA,64,10.8,0.531,17.3,0.066,-2.0,0.0,2023-24,1628997,27.4,113.0,111.1,USA,USA,3,0.3679
Cam Reddish,NYK,49,12.8,0.543,22.2,0.046,-1.3,0.2,2021-22,1629629,20.7,103.2,113.0,USA,USA,2,0.3747
Cam Reddish,LAL,48,7.7,0.504,12.7,0.03,-3.2,-0.3,2023-24,1629629,20.5,109.7,112.5,USA,USA,2,0.3181
Cam Thomas,BKN,67,11.7,0.519,22.1,0.033,-3.4,-0.4,2021-22,1630560,17.6,106.3,112.7,Japan,International,3,0.3558
Cam Thomas,BKN,57,14.7,0.567,27.8,0.049,-2.7,-0.2,2022-23,1630560,16.6,112.1,113.7,Japan,International,3,0.4521
Cam Thomas,BKN,66,16.1,0.554,30.5,0.058,-1.2,0.4,2023-24,1630560,31.4,111.5,116.7,Japan,International,3,0.5114
Cameron Johnson,PHX,66,15.2,0.625,17.5,0.156,2.7,2.1,2021-22,1629661,26.2,110.8,104.6,USA,USA,3,0.3797
Cameron Johnson,BKN,42,17.1,0.617,20.6,0.142,2.6,1.4,2022-23,1629661,28.6,115.3,108.7,USA,USA,3,0.4597
Cameron Johnson,BKN,58,14.5,0.582,19.6,0.1,0.4,1.0,2023-24,1629661,27.6,111.5,114.9,USA,USA,3,0.4774
Cameron Payne,PHX,58,13.8,0.5,24.6,0.073,0.0,0.7,2021-22,1626166,22.0,109.1,102.7,USA,USA,3,0.2744
Cameron Payne,PHX,48,13.2,0.512,24.8,0.053,-1.2,0.2,2022-23,1626166,20.2,115.4,111.4,USA,USA,3,0.4098
Cameron Payne,PHI,78,12.8,0.566,19.1,0.089,-1.1,0.3,2023-24,1626166,16.7,112.4,113.2,USA,USA,3,0.4318
Caris LeVert,CLE,58,15.1,0.525,25.4,0.059,-1.2,0.4,2021-22,1627747,30.7,112.7,114.5,USA,USA,3,0.4553
Caris LeVert,CLE,74,12.4,0.546,18.7,0.095,-0.2,1.0,2022-23,1627747,30.2,113.0,108.5,USA,USA,3,0.3708
Caris LeVert,CLE,68,14.6,0.524,23.1,0.088,0.2,1.1,2023-24,1627747,28.8,113.9,111.2,USA,USA,3,0.4253
Cedi Osman,CLE,66,13.3,0.563,21.1,0.094,0.2,0.8,2021-22,1626224,22.1,107.5,109.2,Turkey,International,3,0.3728
Cedi Osman,CLE,77,12.0,0.579,18.2,0.103,-0.7,0.5,2022-23,1626224,20.1,115.4,108.0,Turkey,International,3,0.3817
Cedi Osman,SAS,72,11.2,0.601,15.1,0.071,-2.1,0.0,2023-24,1626224,17.6,106.0,119.2,Turkey,International,3,0.4665
Chimezie Metu,SAC,60,13.4,0.546,18.5,0.056,-1.5,0.2,2021-22,1629002,21.3,106.1,111.8,USA,USA,2,0.3638
Chimezie Metu,DET,51,13.3,0.61,16.2,0.085,-1.3,0.2,2023-24,1629002,16.8,105.5,112.0,USA,USA,2,0.3893
Chris Boucher,TOR,80,17.9,0.57,17.8,0.169,0.1,0.9,2021-22,1628449,21.1,111.0,105.7,Saint Lucia,International,2,0.3696
Chris Boucher,TOR,76,18.0,0.59,18.0,0.156,-0.1,0.7,2022-23,1628449,20.0,110.4,111.6,Saint Lucia,International,2,0.4491
Chris Duarte,IND,55,12.3,0.537,21.1,0.029,-2.3,-0.1,2021-22,1630537,28.0,107.6,109.7,Dominican Republic,International,2,0.3313
Chris Duarte,IND,46,8.6,0.496,19.0,-0.003,-4.5,-0.6,2022-23,1630537,19.5,109.4,115.6,Dominican Republic,International,2,0.3634
Chris Paul,PHX,65,20.8,0.581,19.7,0.21,5.4,4.0,2021-22,101108,32.9,115.6,105.5,USA,USA,3,0.4613
Chris Paul,PHX,59,17.7,0.555,19.2,0.156,3.2,2.5,2022-23,101108,32.0,114.9,112.5,USA,USA,3,0.4966
Chris Paul,GSW,58,14.7,0.544,15.6,0.136,1.0,1.2,2023-24,101108,26.4,113.7,111.0,USA,USA,3,0.4216
Christian Braun,DEN,76,10.3,0.568,13.0,0.079,-2.4,-0.1,2022-23,1631128,15.5,107.0,111.3,USA,USA,2,0.3424
Christian Braun,DEN,82,12.1,0.554,15.7,0.1,-1.9,0.0,2023-24,1631128,20.2,110.0,109.3,USA,USA,2,0.3478
Christian Wood,HOU,68,19.1,0.595,23.3,0.112,1.6,1.9,2021-22,1626174,30.8,106.6,115.7,USA,USA,3,0.512
Christian Wood,DAL,67,20.6,0.624,26.4,0.132,1.7,1.6,2022-23,1626174,25.9,115.4,116.7,USA,USA,3,0.5966
Christian Wood,LAL,50,12.3,0.568,17.6,0.064,-2.8,-0.2,2023-24,1626174,17.4,109.9,109.9,USA,USA,3,0.352
Clint Capela,ATL,74,21.4,0.604,15.5,0.195,2.0,2.1,2021-22,203991,27.6,116.6,113.3,Switzerland,International,3,0.5363
Clint Capela,ATL,65,22.1,0.656,15.7,0.201,2.2,1.8,2022-23,203991,26.6,115.3,116.4,Switzerland,International,3,0.5954
Clint Capela,ATL,73,20.7,0.59,17.3,0.161,0.1,1.0,2023-24,203991,25.8,115.5,115.6,Switzerland,International,3,0.5361
Coby White,CHI,61,12.6,0.564,19.8,0.067,-2.1,0.0,2021-22,1629632,27.5,112.3,113.6,USA,USA,3,0.4251
Coby White,CHI,74,12.5,0.572,17.9,0.087,-0.8,0.5,2022-23,1629632,23.4,114.0,110.1,USA,USA,3,0.3961
Coby White,CHI,79,14.5,0.57,22.7,0.078,-0.7,0.9,2023-24,1629632,36.5,115.0,115.8,USA,USA,3,0.5002
Cole Anthony,ORL,65,13.5,0.519,25.1,0.038,-1.2,0.4,2021-22,1630175,31.7,105.7,111.1,USA,USA,3,0.3629
Cole Anthony,ORL,60,16.0,0.57,21.5,0.116,1.3,1.3,2022-23,1630175,25.9,112.4,112.5,USA,USA,3,0.4662
Cole Anthony,ORL,81,14.6,0.545,23.7,0.096,0.1,1.0,2023-24,1630175,22.4,112.6,110.0,USA,USA,3,0.4147
Collin Sexton,UTA,48,15.9,0.616,23.4,0.105,-1.3,0.2,2022-23,1629012,23.9,116.4,116.3,USA,USA,2,0.5388
Collin Sexton,UTA,78,19.9,0.607,27.5,0.127,1.9,2.0,2023-24,1629012,26.6,117.0,120.4,USA,USA,2,0.6512
Corey Kispert,WAS,77,10.9,0.586,14.6,0.061,-2.3,-0.1,2021-22,1630557,23.4,113.0,112.9,USA,USA,3,0.4003
Corey Kispert,WAS,74,11.5,0.657,14.1,0.088,-1.5,0.2,2022-23,1630557,28.3,112.4,115.6,USA,USA,3,0.4745
Corey Kispert,WAS,80,12.8,0.62,19.6,0.048,-2.1,-0.1,2023-24,1630557,25.8,108.7,119.4,USA,USA,3,0.5016
Cory Joseph,DET,65,11.4,0.579,14.3,0.075,-2.1,0.0,2021-22,202709,24.6,105.3,111.7,Canada,International,2,0.3527
Cory Joseph,DET,62,12.1,0.558,15.2,0.07,-1.5,0.2,2022-23,202709,19.8,109.7,113.8,Canada,International,2,0.4005
DAngelo Russell,MIN,65,16.3,0.544,25.1,0.101,0.8,1.4,2021-22,1626156,31.9,114.5,109.8,USA,USA,3,0.4372
DAngelo Russell,LAL,71,16.3,0.605,22.7,0.106,1.5,2.0,2022-23,1626156,32.5,113.6,112.1,USA,USA,3,0.487
DAngelo Russell,LAL,76,16.0,0.588,23.0,0.099,0.9,1.8,2023-24,1626156,32.7,116.5,113.9,USA,USA,3,0.5124
Damian Lillard,POR,58,26.7,0.645,33.8,0.205,7.1,4.9,2022-23,203081,36.3,119.5,117.4,USA,USA,2,0.7427
Damian Lillard,MIL,73,19.6,0.59,28.4,0.143,2.1,2.7,2023-24,203081,35.3,119.4,112.4,USA,USA,2,0.5603
Damion Lee,GSW,63,10.9,0.561,15.8,0.102,-2.0,0.0,2021-22,1627814,19.9,109.3,106.5,USA,USA,2,0.3065
Damion Lee,PHX,74,10.7,0.607,16.3,0.081,-1.7,0.1,2022-23,1627814,20.4,110.1,107.3,USA,USA,2,0.3348
Daniel Gafford,WAS,72,21.8,0.708,16.7,0.198,1.6,1.3,2021-22,1629655,20.1,108.6,115.5,USA,USA,3,0.5685
Daniel Gafford,WAS,78,19.7,0.739,15.2,0.184,1.0,1.2,2022-23,1629655,20.6,111.7,114.3,USA,USA,3,0.5592
Daniel Gafford,DAL,74,21.7,0.731,14.7,0.205,2.6,2.1,2023-24,1629655,24.5,113.9,116.0,USA,USA,3,0.612
Daniel Theis,BOS,47,13.2,0.595,16.2,0.093,-2.1,0.0,2021-22,1628464,20.8,104.4,108.4,Germany,International,2,0.3277
Daniel Theis,LAC,60,14.4,0.597,15.4,0.119,-1.6,0.1,2023-24,1628464,16.9,115.6,113.2,Germany,International,2,0.4557
Darius Garland,CLE,68,19.0,0.576,27.8,0.125,2.6,2.8,2021-22,1629636,35.7,113.6,106.9,USA,USA,3,0.4474
Darius Garland,CLE,69,18.8,0.587,26.9,0.148,2.4,2.7,2022-23,1629636,35.5,116.9,108.8,USA,USA,3,0.4942
Darius Garland,CLE,57,14.5,0.56,25.3,0.067,-1.0,0.5,2023-24,1629636,33.3,113.5,111.4,USA,USA,3,0.4321
David Roddy,MEM,70,8.8,0.519,16.7,0.043,-3.9,-0.6,2022-23,1631223,18.0,110.6,112.5,USA,USA,2,0.3447
David Roddy,PHX,65,8.7,0.484,18.1,0.004,-5.0,-0.9,2023-24,1631223,18.1,104.3,113.6,USA,USA,2,0.304
Davion Mitchell,SAC,75,10.8,0.489,20.6,0.003,-3.8,-0.9,2021-22,1630558,27.7,105.3,111.3,USA,USA,3,0.2988
Davion Mitchell,SAC,80,9.4,0.545,14.1,0.05,-2.8,-0.3,2022-23,1630558,18.1,114.4,111.8,USA,USA,3,0.3634
Davion Mitchell,SAC,72,9.3,0.555,14.9,0.059,-3.4,-0.4,2023-24,1630558,15.3,109.5,112.1,USA,USA,3,0.3513
DeAaron Fox,SAC,59,17.4,0.549,29.1,0.058,-0.6,0.7,2021-22,1628368,35.3,112.1,116.5,USA,USA,3,0.5127
DeAaron Fox,SAC,73,21.8,0.599,30.1,0.146,2.5,2.7,2022-23,1628368,33.4,119.9,116.8,USA,USA,3,0.6405
DeAaron Fox,SAC,74,20.1,0.567,31.0,0.117,2.7,3.2,2023-24,1628368,35.9,116.6,112.3,USA,USA,3,0.5457
DeAndre Hunter,ATL,53,10.6,0.547,19.9,0.034,-3.9,-0.8,2021-22,1629631,29.8,114.6,113.9,USA,USA,3,0.405
DeAndre Hunter,ATL,67,11.5,0.563,19.7,0.057,-3.3,-0.7,2022-23,1629631,31.7,114.9,115.5,USA,USA,3,0.4462
DeAndre Hunter,ATL,57,12.7,0.595,20.6,0.062,-2.4,-0.2,2023-24,1629631,29.5,116.7,117.9,USA,USA,3,0.514
DeAnthony Melton,MEM,73,15.2,0.529,21.3,0.107,1.9,1.6,2021-22,1629001,22.7,112.0,106.4,USA,USA,2,0.3649
DeAnthony Melton,PHI,77,12.7,0.566,16.4,0.095,0.9,1.6,2022-23,1629001,27.9,115.5,112.8,USA,USA,2,0.4488
DeMar DeRozan,CHI,76,23.1,0.59,31.8,0.154,2.5,3.1,2021-22,201942,36.1,113.1,112.0,USA,USA,3,0.5563
DeMar DeRozan,CHI,74,20.6,0.592,27.8,0.153,2.0,2.6,2022-23,201942,36.2,112.2,110.7,USA,USA,3,0.5082
DeMar DeRozan,CHI,79,19.7,0.584,25.8,0.147,1.8,2.8,2023-24,201942,37.8,113.5,114.6,USA,USA,3,0.5527
Dean Wade,CLE,51,10.1,0.584,11.1,0.111,-0.6,0.4,2021-22,1629731,19.2,105.8,103.8,USA,USA,3,0.2546
Dean Wade,CLE,44,8.5,0.55,10.2,0.097,-0.7,0.3,2022-23,1629731,20.3,109.7,103.2,USA,USA,3,0.238
Dean Wade,CLE,54,10.2,0.598,10.5,0.11,0.1,0.6,2023-24,1629731,20.5,111.9,103.5,USA,USA,3,0.2855
Deandre Ayton,PHX,58,21.9,0.656,21.4,0.203,2.8,2.1,2021-22,1629028,29.5,117.2,107.7,Bahamas,International,3,0.5111
Deandre Ayton,PHX,67,19.9,0.617,22.9,0.147,0.9,1.5,2022-23,1629028,30.4,113.2,113.2,Bahamas,International,3,0.5231
Deandre Ayton,POR,55,18.9,0.587,21.1,0.106,0.3,1.0,2023-24,1629028,32.4,106.6,115.3,Bahamas,International,3,0.4823
Dejounte Murray,SAS,68,22.3,0.533,27.3,0.149,5.4,4.4,2021-22,1627749,34.8,112.9,111.0,USA,USA,3,0.5203
Dejounte Murray,ATL,74,17.0,0.54,24.4,0.084,1.0,2.1,2022-23,1627749,36.4,114.3,115.4,USA,USA,3,0.5101
Dejounte Murray,ATL,78,17.7,0.555,26.6,0.084,1.7,2.6,2023-24,1627749,35.7,116.8,119.5,USA,USA,3,0.5985
Delon Wright,ATL,77,13.8,0.576,10.3,0.121,2.2,1.6,2021-22,1626153,18.9,111.6,108.8,USA,USA,3,0.3756
Delon Wright,WAS,50,16.3,0.581,12.9,0.146,3.4,1.7,2022-23,1626153,24.4,114.1,110.9,USA,USA,3,0.447
Delon Wright,MIA,47,13.6,0.505,12.8,0.109,0.4,0.5,2023-24,1626153,15.8,110.7,109.7,USA,USA,3,0.347
Deni Avdija,WAS,82,11.6,0.536,16.3,0.058,-1.7,0.1,2021-22,1630166,24.2,109.2,110.1,Israel,International,3,0.3371
Deni Avdija,WAS,76,11.2,0.535,16.7,0.054,-2.3,-0.1,2022-23,1630166,26.6,113.3,114.1,Israel,International,3,0.4048
Deni Avdija,WAS,75,14.9,0.597,20.2,0.068,-0.9,0.6,2023-24,1630166,30.1,109.7,116.2,Israel,International,3,0.4781
Dennis Schroder,HOU,64,13.0,0.539,22.6,0.076,-1.9,0.0,2021-22,203471,28.7,106.9,107.9,Germany,International,3,0.3288
Dennis Schroder,LAL,66,11.5,0.545,18.6,0.068,-2.9,-0.4,2022-23,203471,30.1,115.0,112.2,Germany,International,3,0.3983
Dennis Schroder,BKN,80,13.3,0.55,20.3,0.063,-1.8,0.1,2023-24,203471,31.1,112.6,115.4,Germany,International,3,0.4499
Dennis Smith Jr,CHA,54,11.6,0.475,17.6,0.039,-2.2,-0.1,2022-23,1628372,25.7,103.6,106.2,USA,USA,2,0.2313
Dennis Smith Jr,BKN,56,13.4,0.508,17.7,0.08,-0.8,0.3,2023-24,1628372,18.9,109.9,109.9,USA,USA,2,0.349
Derrick Jones Jr,CHI,51,13.0,0.633,12.5,0.119,-0.9,0.2,2021-22,1627884,17.6,112.8,110.1,USA,USA,2,0.4036
Derrick Jones Jr,DAL,76,11.7,0.592,14.9,0.083,-1.5,0.2,2023-24,1627884,23.5,114.0,112.3,USA,USA,2,0.4144
Derrick White,BOS,75,14.8,0.549,19.9,0.111,0.9,1.6,2021-22,1628401,29.3,111.3,106.4,USA,USA,3,0.3605
Derrick White,BOS,82,15.4,0.604,17.7,0.154,2.4,2.6,2022-23,1628401,28.3,118.2,107.2,USA,USA,3,0.4433
Derrick White,BOS,73,16.9,0.611,18.6,0.171,3.8,3.5,2023-24,1628401,32.6,122.4,109.9,USA,USA,3,0.5259
Desmond Bane,MEM,76,17.6,0.592,23.1,0.153,2.7,2.7,2021-22,1630217,29.8,114.7,107.8,USA,USA,3,0.4582
Desmond Bane,MEM,58,19.1,0.606,26.1,0.151,3.5,2.5,2022-23,1630217,31.7,116.4,107.4,USA,USA,3,0.4821
Desmond Bane,MEM,42,18.5,0.589,28.5,0.102,2.8,1.7,2023-24,1630217,34.4,108.2,115.4,USA,USA,3,0.5299
Devin Booker,PHX,68,21.3,0.576,32.0,0.156,4.1,3.6,2021-22,1626164,34.5,117.6,108.1,USA,USA,3,0.5243
Devin Booker,PHX,53,22.0,0.601,31.8,0.157,4.2,2.9,2022-23,1626164,34.6,119.6,113.4,USA,USA,3,0.6119
Devin Booker,PHX,68,21.9,0.611,29.8,0.181,3.0,3.1,2023-24,1626164,36.0,119.3,113.5,USA,USA,3,0.6124
Devin Vassell,SAS,71,13.3,0.54,18.9,0.082,-0.5,0.7,2021-22,1630170,27.3,111.2,110.2,USA,USA,2,0.3795
Devin Vassell,SAS,68,15.7,0.578,23.5,0.077,0.0,1.1,2023-24,1630170,33.1,108.5,114.6,USA,USA,2,0.4676
Devonte Graham,NOP,76,12.1,0.514,19.5,0.062,-1.0,0.5,2021-22,1628984,28.4,111.4,111.1,USA,USA,2,0.3718
Devonte Graham,SAS,73,12.5,0.552,17.1,0.091,-0.1,0.6,2022-23,1628984,18.3,107.5,113.7,USA,USA,2,0.4095
Dillon Brooks,MEM,73,9.4,0.494,21.8,0.034,-3.9,-1.1,2022-23,1628415,30.3,113.4,108.5,Canada,International,2,0.3078
Dillon Brooks,HOU,72,9.4,0.549,17.6,0.058,-3.6,-0.9,2023-24,1628415,30.9,113.6,113.6,Canada,International,2,0.3934
Domantas Sabonis,SAC,62,21.9,0.637,22.3,0.159,4.1,3.2,2021-22,1627734,34.4,109.5,110.1,Lithuania,International,3,0.5032
Domantas Sabonis,SAC,79,23.5,0.668,21.3,0.221,5.8,5.4,2022-23,1627734,34.6,120.7,116.8,Lithuania,International,3,0.698
Domantas Sabonis,SAC,82,23.2,0.637,22.2,0.206,6.5,6.2,2023-24,1627734,35.7,116.0,115.2,Lithuania,International,3,0.649
Donovan Mitchell,UTA,67,21.6,0.572,32.9,0.152,4.3,3.6,2021-22,1628378,33.8,117.6,111.7,USA,USA,3,0.5751
Donovan Mitchell,CLE,68,22.9,0.614,32.1,0.176,6.3,5.0,2022-23,1628378,35.8,116.3,110.4,USA,USA,3,0.5931
Donovan Mitchell,CLE,55,22.1,0.595,31.4,0.159,5.8,3.9,2023-24,1628378,35.3,115.9,108.6,USA,USA,3,0.5403
Donte DiVincenzo,SAC,42,11.3,0.51,18.9,0.035,-2.3,-0.1,2021-22,1628978,23.9,107.5,111.2,USA,USA,3,0.3319
Donte DiVincenzo,GSW,72,12.8,0.593,15.1,0.106,0.7,1.3,2022-23,1628978,26.3,113.5,110.6,USA,USA,3,0.4166
Donte DiVincenzo,NYK,81,16.0,0.597,21.3,0.135,3.4,3.2,2023-24,1628978,29.1,117.9,114.2,USA,USA,3,0.5504
Dorian FinneySmith,DAL,80,12.5,0.604,13.8,0.121,0.8,1.9,2021-22,1627827,33.0,114.8,110.4,USA,USA,3,0.4275
Dorian FinneySmith,BKN,66,9.2,0.523,13.2,0.051,-2.0,0.0,2022-23,1627827,30.4,114.0,114.3,USA,USA,3,0.3886
Dorian FinneySmith,BKN,68,10.1,0.546,13.2,0.065,-2.0,0.0,2023-24,1627827,28.4,111.0,113.2,USA,USA,3,0.3759
Doug McDermott,SAS,51,11.4,0.593,18.3,0.062,-2.5,-0.1,2021-22,203926,24.0,112.3,114.1,USA,USA,2,0.4302
Doug McDermott,SAS,64,11.2,0.59,19.2,0.035,-3.2,-0.4,2022-23,203926,20.5,108.7,118.4,USA,USA,2,0.4602
Draymond Green,GSW,46,14.3,0.582,14.3,0.131,3.2,1.8,2021-22,203110,28.9,110.0,102.8,USA,USA,3,0.3135
Draymond Green,GSW,73,12.2,0.592,13.2,0.098,0.8,1.6,2022-23,203110,31.5,116.2,109.2,USA,USA,3,0.4009
Draymond Green,GSW,55,14.5,0.587,15.3,0.116,2.4,1.6,2023-24,203110,27.1,115.6,110.7,USA,USA,3,0.4427
Drew Eubanks,POR,71,18.0,0.638,17.5,0.13,-1.4,0.2,2021-22,1629234,17.5,103.1,115.9,USA,USA,3,0.4739
Drew Eubanks,POR,78,16.2,0.666,12.5,0.134,0.1,0.8,2022-23,1629234,20.3,113.0,117.1,USA,USA,3,0.5336
Drew Eubanks,PHX,75,14.4,0.645,13.2,0.129,-1.2,0.2,2023-24,1629234,15.6,108.3,112.3,USA,USA,3,0.426
Duncan Robinson,MIA,79,10.6,0.573,17.7,0.092,-0.6,0.7,2021-22,1629130,25.9,110.4,107.9,USA,USA,3,0.3478
Duncan Robinson,MIA,42,7.8,0.534,17.9,0.035,-5.0,-0.5,2022-23,1629130,16.4,108.8,113.8,USA,USA,3,0.355
Duncan Robinson,MIA,68,12.2,0.612,19.0,0.091,-0.9,0.6,2023-24,1629130,28.0,111.5,111.0,USA,USA,3,0.4166
Dwight Powell,DAL,82,18.1,0.725,14.0,0.219,0.9,1.3,2021-22,203939,21.9,113.2,110.6,Canada,International,2,0.5129
Dwight Powell,DAL,76,15.5,0.738,12.6,0.168,-1.2,0.3,2022-23,203939,19.2,119.4,113.2,Canada,International,2,0.5378
Dyson Daniels,NOP,59,8.8,0.503,11.6,0.061,-1.8,0.0,2022-23,1630700,17.7,107.1,106.7,Australia,International,2,0.244
Dyson Daniels,NOP,61,12.0,0.529,12.6,0.103,0.6,0.9,2023-24,1630700,22.3,115.0,111.7,Australia,International,2,0.3988
Eric Gordon,HOU,57,12.1,0.614,18.6,0.04,-2.3,-0.1,2021-22,201569,29.3,108.6,113.6,USA,USA,3,0.4116
Eric Gordon,LAC,69,11.8,0.587,17.8,0.056,-1.9,0.1,2022-23,201569,28.5,110.6,116.4,USA,USA,3,0.4524
Eric Gordon,PHX,68,10.8,0.58,16.5,0.063,-1.7,0.1,2023-24,201569,27.8,115.6,112.2,USA,USA,3,0.4111
Evan Mobley,CLE,69,16.1,0.549,20.4,0.107,0.6,1.5,2021-22,1630596,33.8,108.5,106.8,USA,USA,3,0.3557
Evan Mobley,CLE,79,17.9,0.591,20.2,0.151,1.7,2.5,2022-23,1630596,34.4,115.5,109.0,USA,USA,3,0.4624
Evan Mobley,CLE,50,20.1,0.626,20.6,0.174,2.9,1.9,2023-24,1630596,30.6,111.2,110.1,USA,USA,3,0.4868
Franz Wagner,ORL,79,14.7,0.559,21.2,0.079,-0.7,0.8,2021-22,1630532,30.7,105.9,110.8,Germany,International,3,0.382
Franz Wagner,ORL,80,15.9,0.589,23.5,0.099,-0.1,1.3,2022-23,1630532,32.6,111.3,110.1,Germany,International,3,0.432
Franz Wagner,ORL,72,17.6,0.575,25.7,0.131,1.2,1.9,2023-24,1630532,32.5,112.5,108.2,Germany,International,3,0.4384
Fred VanVleet,TOR,65,17.3,0.552,23.7,0.131,3.6,3.5,2021-22,1627832,37.9,112.2,108.5,USA,USA,3,0.4443
Fred VanVleet,TOR,69,17.0,0.54,23.2,0.123,2.5,2.9,2022-23,1627832,36.7,116.1,112.8,USA,USA,3,0.5022
Fred VanVleet,HOU,73,16.7,0.568,19.7,0.15,3.4,3.6,2023-24,1627832,36.8,114.6,111.6,USA,USA,3,0.493
Gabe Vincent,MIA,68,10.6,0.551,17.8,0.076,-1.4,0.2,2021-22,1629216,23.4,109.1,106.0,USA,USA,2,0.2968
Gabe Vincent,MIA,68,9.0,0.533,17.5,0.038,-3.4,-0.6,2022-23,1629216,25.9,111.0,111.7,USA,USA,2,0.3449
Garrison Mathews,HOU,65,11.0,0.602,14.4,0.078,-2.3,-0.1,2021-22,1629726,26.3,110.7,116.5,USA,USA,2,0.4494
Garrison Mathews,ATL,66,8.9,0.665,11.1,0.077,-3.0,-0.2,2023-24,1629726,15.0,111.8,115.8,USA,USA,2,0.4472
Gary Harris,ORL,61,10.9,0.571,16.4,0.06,-2.4,-0.2,2021-22,203914,28.4,104.2,110.1,USA,USA,3,0.3218
Gary Harris,ORL,48,10.5,0.62,12.6,0.095,-0.7,0.4,2022-23,203914,24.7,113.0,115.8,USA,USA,3,0.4642
Gary Harris,ORL,54,9.4,0.587,11.7,0.099,-1.2,0.3,2023-24,203914,24.0,113.6,110.3,USA,USA,3,0.3723
Gary Payton II,GSW,71,17.8,0.679,14.3,0.199,3.7,1.8,2021-22,1627780,17.6,110.6,102.3,USA,USA,2,0.3797
Gary Payton II,GSW,44,13.9,0.621,13.6,0.125,0.9,0.5,2023-24,1627780,15.5,114.7,108.9,USA,USA,2,0.409
Gary Trent Jr,TOR,70,14.7,0.546,21.8,0.11,0.2,1.3,2021-22,1629018,35.0,113.5,110.2,USA,USA,3,0.4221
Gary Trent Jr,TOR,66,15.0,0.56,21.7,0.102,0.2,1.2,2022-23,1629018,32.1,111.8,113.8,USA,USA,3,0.4657
Gary Trent Jr,TOR,71,12.0,0.548,20.0,0.04,-2.6,-0.3,2023-24,1629018,28.1,113.7,118.2,USA,USA,3,0.4741
George Hill,MIL,54,10.2,0.552,11.7,0.087,-1.6,0.1,2021-22,201588,23.2,112.5,100.8,USA,USA,2,0.2214
George Hill,IND,46,10.6,0.61,11.3,0.107,-1.5,0.1,2022-23,201588,18.1,108.8,106.9,USA,USA,2,0.3154
Georges Niang,PHI,76,10.7,0.594,16.8,0.077,-1.9,0.0,2021-22,1627777,22.8,110.9,109.0,USA,USA,3,0.3555
Georges Niang,PHI,78,10.9,0.61,17.0,0.078,-1.4,0.2,2022-23,1627777,19.4,112.5,111.1,USA,USA,3,0.4021
Georges Niang,CLE,82,9.9,0.583,17.6,0.064,-2.9,-0.4,2023-24,1627777,22.3,114.4,113.9,USA,USA,3,0.4234
Giannis Antetokounmpo,MIL,67,32.1,0.633,34.9,0.281,11.2,7.4,2021-22,203507,32.9,115.9,107.9,Greece,International,3,0.6696
Giannis Antetokounmpo,MIL,63,29.0,0.605,38.8,0.204,8.5,5.4,2022-23,203507,32.1,116.4,109.2,Greece,International,3,0.6357
Giannis Antetokounmpo,MIL,73,29.9,0.649,33.0,0.246,9.0,7.2,2023-24,203507,35.2,119.8,113.2,Greece,International,3,0.7309
Gordon Hayward,CHA,49,15.1,0.57,20.7,0.087,-0.7,0.5,2021-22,202330,31.9,110.7,111.0,USA,USA,3,0.4106
Gordon Hayward,CHA,50,13.5,0.563,20.0,0.059,-1.4,0.2,2022-23,202330,31.5,108.4,111.7,USA,USA,3,0.3862
Gordon Hayward,OKC,51,12.8,0.548,18.4,0.058,-2.1,0.0,2023-24,202330,24.4,112.0,118.0,USA,USA,3,0.4699
Grant Williams,BOS,77,11.2,0.635,12.6,0.13,-0.4,0.8,2021-22,1629684,24.4,112.5,108.0,USA,USA,3,0.379
Grant Williams,BOS,79,10.3,0.605,13.1,0.104,-1.1,0.5,2022-23,1629684,25.9,114.9,109.0,USA,USA,3,0.3784
Grant Williams,CHA,76,10.6,0.588,15.9,0.059,-2.6,-0.3,2023-24,1629684,28.0,110.8,116.6,USA,USA,3,0.4417
Grayson Allen,MIL,66,12.7,0.609,15.2,0.11,0.4,1.1,2021-22,1628960,27.3,112.5,107.5,USA,USA,3,0.375
Grayson Allen,MIL,72,12.3,0.612,14.6,0.123,0.1,1.0,2022-23,1628960,27.4,113.9,109.1,USA,USA,3,0.403
Grayson Allen,PHX,75,13.8,0.679,14.5,0.132,1.3,2.0,2023-24,1628960,33.5,119.0,113.9,USA,USA,3,0.5346
Hamidou Diallo,DET,58,15.7,0.541,21.8,0.079,-0.5,0.5,2021-22,1628977,21.9,103.1,110.7,USA,USA,2,0.365
Hamidou Diallo,DET,56,15.7,0.593,21.8,0.063,-1.4,0.1,2022-23,1628977,17.8,108.9,109.5,USA,USA,2,0.3836
Harrison Barnes,SAC,77,15.7,0.623,18.8,0.112,0.2,1.4,2021-22,203084,33.6,110.0,116.7,USA,USA,3,0.5167
Harrison Barnes,SAC,82,14.1,0.632,17.1,0.118,-1.0,0.7,2022-23,203084,32.5,120.0,115.2,USA,USA,3,0.5271
Harrison Barnes,SAC,82,11.9,0.611,15.7,0.094,-1.8,0.1,2023-24,203084,29.0,114.1,115.7,USA,USA,3,0.4731
Haywood Highsmith,MIA,54,8.5,0.517,12.5,0.046,-3.1,-0.3,2022-23,1629312,18.0,104.8,110.0,USA,USA,2,0.274
Haywood Highsmith,MIA,66,11.1,0.587,12.4,0.108,-0.7,0.5,2023-24,1629312,20.7,110.1,109.0,USA,USA,2,0.3525
Herbert Jones,NOP,78,12.3,0.573,13.7,0.096,-0.5,0.9,2021-22,1630529,29.9,112.2,110.2,USA,USA,3,0.3808
Herbert Jones,NOP,66,12.1,0.567,14.5,0.104,-0.3,0.8,2022-23,1630529,29.6,115.8,111.8,USA,USA,3,0.4214
Herbert Jones,NOP,76,13.2,0.636,14.1,0.131,0.6,1.6,2023-24,1630529,30.5,116.4,111.0,USA,USA,3,0.4584
Immanuel Quickley,NYK,78,14.6,0.543,22.2,0.113,0.2,1.0,2021-22,1630193,23.1,111.4,104.8,USA,USA,3,0.3386
Immanuel Quickley,NYK,81,16.3,0.578,20.9,0.137,1.7,2.1,2022-23,1630193,28.9,114.3,108.1,USA,USA,3,0.4306
Immanuel Quickley,TOR,68,16.7,0.577,23.8,0.115,1.3,1.7,2023-24,1630193,29.2,113.2,114.2,USA,USA,3,0.5081
Isaac Okoro,CLE,67,10.4,0.589,12.4,0.103,-1.7,0.1,2021-22,1630171,29.6,112.4,109.3,USA,USA,3,0.3575
Isaac Okoro,CLE,76,10.7,0.614,11.9,0.122,-0.3,0.7,2022-23,1630171,21.7,114.5,109.0,USA,USA,3,0.387
Isaac Okoro,CLE,69,11.4,0.599,13.9,0.106,-1.1,0.4,2023-24,1630171,27.3,113.1,110.7,USA,USA,3,0.397
Isaiah Hartenstein,LAC,68,22.0,0.664,18.4,0.215,4.5,2.0,2021-22,1628392,17.9,112.1,105.0,Germany,International,3,0.4538
Isaiah Hartenstein,NYK,82,14.2,0.567,11.2,0.136,-0.3,0.7,2022-23,1628392,19.9,114.6,110.2,Germany,International,3,0.3981
Isaiah Hartenstein,NYK,75,18.9,0.67,12.0,0.204,3.5,2.6,2023-24,1628392,25.3,120.3,110.3,Germany,International,3,0.5297
Isaiah Joe,OKC,73,14.5,0.626,17.7,0.131,0.9,1.0,2022-23,1630198,19.1,117.3,112.2,USA,USA,2,0.4888
Isaiah Joe,OKC,78,13.4,0.626,16.6,0.116,0.9,1.0,2023-24,1630198,18.5,116.6,107.5,USA,USA,2,0.4103
Isaiah Stewart,DET,71,14.0,0.55,14.6,0.091,-3.3,-0.6,2021-22,1630191,25.6,102.6,112.1,USA,USA,3,0.3399
Isaiah Stewart,DET,50,13.1,0.56,17.3,0.068,-2.1,0.0,2022-23,1630191,28.3,108.9,116.9,USA,USA,3,0.4456
Isaiah Stewart,DET,46,11.3,0.6,14.5,0.056,-2.3,-0.1,2023-24,1630191,30.9,110.3,114.5,USA,USA,3,0.4142
Ish Smith,WAS,65,12.5,0.465,20.1,0.023,-2.9,-0.2,2021-22,202397,17.3,107.1,113.8,USA,USA,2,0.3493
Ish Smith,CHA,43,6.8,0.435,12.3,-0.025,-6.8,-0.9,2023-24,202397,17.2,101.7,119.2,USA,USA,2,0.3069
Ivica Zubac,LAC,76,19.2,0.66,16.8,0.187,0.7,1.3,2021-22,1627826,24.4,108.7,112.2,Croatia,International,3,0.492
Ivica Zubac,LAC,76,16.7,0.661,14.8,0.149,-0.9,0.6,2022-23,1627826,28.5,112.8,113.4,Croatia,International,3,0.4899
Ivica Zubac,LAC,68,19.3,0.671,16.4,0.182,0.8,1.3,2023-24,1627826,26.4,117.1,112.4,Croatia,International,3,0.5347
Ja Morant,MEM,57,24.4,0.575,33.7,0.171,6.1,3.9,2021-22,1629630,33.1,115.3,111.2,USA,USA,2,0.5851
Ja Morant,MEM,61,23.3,0.557,34.9,0.148,5.7,3.8,2022-23,1629630,31.9,115.8,108.5,USA,USA,2,0.5357
Jabari Smith Jr,HOU,79,11.2,0.514,18.4,0.037,-3.7,-1.1,2022-23,1631095,31.0,109.1,120.4,USA,USA,2,0.4515
Jabari Smith Jr,HOU,76,13.8,0.571,17.6,0.111,-0.4,1.0,2023-24,1631095,31.9,111.9,113.8,USA,USA,2,0.4513
Jaden Ivey,DET,74,12.1,0.528,25.4,-0.001,-3.3,-0.7,2022-23,1631093,31.1,107.1,120.1,USA,USA,2,0.4636
Jaden Ivey,DET,77,12.4,0.536,24.9,0.01,-3.1,-0.6,2023-24,1631093,28.8,109.9,117.7,USA,USA,2,0.4509
Jaden McDaniels,MIN,70,10.3,0.553,15.3,0.065,-2.9,-0.4,2021-22,1630183,25.8,109.9,109.3,USA,USA,3,0.3227
Jaden McDaniels,MIN,79,12.0,0.611,15.8,0.087,-1.2,0.5,2022-23,1630183,30.6,113.6,111.6,USA,USA,3,0.4188
Jaden McDaniels,MIN,72,9.4,0.571,15.7,0.077,-2.6,-0.3,2023-24,1630183,29.2,114.2,110.4,USA,USA,3,0.3683
Jae Crowder,PHX,67,11.3,0.541,14.6,0.11,1.1,1.5,2021-22,203109,28.1,116.1,105.9,USA,USA,2,0.3431
Jae Crowder,MIL,50,8.9,0.546,11.5,0.065,-2.6,-0.2,2023-24,203109,23.1,112.3,114.9,USA,USA,2,0.3915
JaeSean Tate,HOU,78,14.3,0.567,19.6,0.071,-1.8,0.1,2021-22,1630256,26.4,105.3,114.2,USA,USA,2,0.4099
JaeSean Tate,HOU,65,9.3,0.538,11.7,0.082,-2.3,-0.1,2023-24,1630256,15.9,110.1,105.0,USA,USA,2,0.2537
Jakob Poeltl,SAS,68,20.8,0.613,18.3,0.168,1.6,1.7,2021-22,1627751,29.0,115.2,111.8,Austria,International,3,0.5086
Jakob Poeltl,TOR,72,21.0,0.635,18.2,0.15,1.9,1.9,2022-23,1627751,26.5,112.4,115.5,Austria,International,3,0.5513
Jakob Poeltl,TOR,50,18.9,0.653,16.2,0.138,0.7,0.9,2023-24,1627751,26.4,113.6,114.2,Austria,International,3,0.5176
Jalen Brunson,DAL,79,17.1,0.583,21.9,0.143,0.9,1.9,2021-22,1628973,31.9,113.8,109.4,USA,USA,3,0.4511
Jalen Brunson,NYK,68,21.2,0.597,27.2,0.175,3.9,3.5,2022-23,1628973,35.0,119.2,117.1,USA,USA,3,0.6483
Jalen Brunson,NYK,77,23.4,0.592,32.5,0.198,5.8,5.4,2023-24,1628973,35.4,121.2,112.6,USA,USA,3,0.6472
Jalen Duren,DET,67,17.3,0.655,14.3,0.129,-0.8,0.5,2022-23,1631105,24.9,108.0,116.2,USA,USA,2,0.4972
Jalen Duren,DET,61,18.7,0.653,18.5,0.13,-0.1,0.9,2023-24,1631105,29.1,109.3,117.0,USA,USA,2,0.5379
Jalen Green,HOU,67,12.5,0.547,23.7,0.015,-2.9,-0.5,2021-22,1630224,31.9,105.7,116.9,USA,USA,3,0.4242
Jalen Green,HOU,76,14.5,0.538,28.1,0.034,-2.1,0.0,2022-23,1630224,34.2,111.2,120.0,USA,USA,3,0.5216
Jalen Green,HOU,82,14.7,0.541,27.4,0.056,-0.5,1.0,2023-24,1630224,31.7,113.8,113.8,USA,USA,3,0.4686
Jalen McDaniels,CHA,55,12.7,0.595,15.3,0.093,-2.3,-0.1,2021-22,1629667,16.3,111.7,109.1,USA,USA,2,0.3643
Jalen McDaniels,PHI,80,11.8,0.557,17.2,0.068,-2.1,-0.1,2022-23,1629667,23.9,110.5,113.9,USA,USA,2,0.4064
Jalen Smith,IND,51,18.4,0.595,20.3,0.145,-0.5,0.3,2021-22,1630188,18.1,112.0,109.3,USA,USA,3,0.4289
Jalen Smith,IND,68,15.9,0.565,21.0,0.085,-2.1,0.0,2022-23,1630188,18.8,111.4,115.3,USA,USA,3,0.464
Jalen Smith,IND,61,20.7,0.682,19.4,0.182,2.4,1.2,2023-24,1630188,17.2,119.5,118.6,USA,USA,3,0.654
Jalen Suggs,ORL,48,8.6,0.455,25.3,-0.06,-5.6,-1.2,2021-22,1630591,27.2,100.6,107.8,USA,USA,3,0.1988
Jalen Suggs,ORL,53,12.5,0.528,20.3,0.053,-1.0,0.3,2022-23,1630591,23.5,109.7,111.0,USA,USA,3,0.3679
Jalen Suggs,ORL,75,14.1,0.602,19.7,0.112,1.0,1.5,2023-24,1630591,27.0,111.8,110.8,USA,USA,3,0.4395
Jalen Williams,OKC,75,15.6,0.601,18.4,0.119,0.3,1.3,2022-23,1631114,30.3,111.6,112.6,USA,USA,2,0.4605
Jalen Williams,OKC,71,19.1,0.621,23.7,0.157,2.3,2.4,2023-24,1631114,31.3,117.7,108.9,USA,USA,2,0.5019
Jamal Murray,DEN,65,18.0,0.571,26.1,0.116,1.3,1.8,2022-23,1627750,32.8,118.9,112.5,Canada,International,2,0.5217
Jamal Murray,DEN,59,20.7,0.586,27.9,0.153,4.1,2.9,2023-24,1627750,31.5,120.7,112.4,Canada,International,2,0.5784
James Harden,PHI,65,20.9,0.583,27.2,0.152,4.0,3.7,2021-22,201935,37.2,114.9,111.4,USA,USA,3,0.5401
James Harden,PHI,58,21.6,0.607,25.0,0.188,5.4,4.0,2022-23,201935,36.8,119.4,113.3,USA,USA,3,0.6082
James Harden,LAC,72,18.6,0.612,20.6,0.163,4.1,3.8,2023-24,201935,34.3,120.9,115.2,USA,USA,3,0.6039
James Wiseman,DET,45,15.6,0.589,21.2,0.077,-3.5,-0.3,2022-23,1630164,19.3,104.7,121.9,USA,USA,2,0.5217
James Wiseman,DET,63,14.8,0.637,16.3,0.094,-3.5,-0.4,2023-24,1630164,17.3,104.8,118.2,USA,USA,2,0.4752
Jaren Jackson Jr,MEM,78,17.0,0.535,25.4,0.121,-0.1,1.0,2021-22,1628991,27.3,113.9,106.0,USA,USA,3,0.3829
Jaren Jackson Jr,MEM,63,21.6,0.613,24.7,0.177,2.8,2.2,2022-23,1628991,28.4,116.4,106.6,USA,USA,3,0.4797
Jaren Jackson Jr,MEM,66,17.4,0.552,30.4,0.067,0.4,1.3,2023-24,1628991,32.2,106.6,113.9,USA,USA,3,0.469
Jarred Vanderbilt,MIN,74,15.3,0.612,10.9,0.153,0.2,1.1,2021-22,1629020,25.4,115.5,110.5,USA,USA,2,0.4353
Jarred Vanderbilt,LAL,78,15.1,0.604,13.6,0.132,1.1,1.5,2022-23,1629020,24.1,114.7,116.2,USA,USA,2,0.5143
Jarrett Allen,CLE,56,23.0,0.698,18.1,0.224,3.9,2.7,2021-22,1628386,32.3,110.0,106.7,USA,USA,3,0.4871
Jarrett Allen,CLE,68,19.9,0.67,16.4,0.205,2.4,2.4,2022-23,1628386,32.6,116.5,108.8,USA,USA,3,0.5054
Jarrett Allen,CLE,77,21.8,0.664,19.4,0.21,3.0,3.1,2023-24,1628386,31.7,115.5,110.7,USA,USA,3,0.5491
Jaylen Brown,BOS,66,18.9,0.574,30.5,0.124,2.1,2.2,2021-22,1627759,33.6,113.5,103.8,USA,USA,3,0.4074
Jaylen Brown,BOS,67,19.1,0.581,31.4,0.1,1.3,2.0,2022-23,1627759,35.9,116.6,111.2,USA,USA,3,0.5159
Jaylen Brown,BOS,70,18.6,0.58,28.9,0.121,0.7,1.6,2023-24,1627759,33.5,120.2,111.6,USA,USA,3,0.5285
Jaylen Nowell,MIN,62,16.8,0.581,21.0,0.138,0.8,0.7,2021-22,1629669,15.7,114.5,111.7,USA,USA,2,0.4707
Jaylen Nowell,MIN,65,13.7,0.527,25.0,0.046,-2.5,-0.2,2022-23,1629669,19.3,111.2,111.3,USA,USA,2,0.3873
Jayson Tatum,BOS,76,21.8,0.578,32.1,0.169,5.0,4.8,2021-22,1628369,35.9,115.5,103.4,USA,USA,3,0.4694
Jayson Tatum,BOS,74,23.7,0.607,32.7,0.185,5.5,5.1,2022-23,1628369,36.9,119.2,110.8,USA,USA,3,0.6138
Jayson Tatum,BOS,74,22.3,0.604,30.2,0.189,5.1,4.7,2023-24,1628369,35.7,121.7,110.5,USA,USA,3,0.604
Jeff Green,DEN,75,12.5,0.627,16.3,0.101,-2.5,-0.2,2021-22,201145,24.7,113.3,111.5,USA,USA,3,0.4201
Jeff Green,DEN,56,11.0,0.576,17.0,0.074,-3.4,-0.4,2022-23,201145,19.5,107.1,115.0,USA,USA,3,0.4047
Jeff Green,HOU,78,11.3,0.59,15.5,0.095,-2.1,0.0,2023-24,201145,16.8,109.7,112.7,USA,USA,3,0.4006
Jerami Grant,DET,47,16.1,0.556,25.7,0.075,1.2,1.2,2021-22,203924,31.9,102.9,110.7,USA,USA,3,0.3948
Jerami Grant,POR,63,16.0,0.606,22.8,0.087,-0.2,1.0,2022-23,203924,35.6,116.1,117.3,USA,USA,3,0.5493
Jerami Grant,POR,54,15.4,0.573,25.7,0.071,-0.1,0.9,2023-24,203924,33.9,107.8,117.5,USA,USA,3,0.505
Jeremiah RobinsonEarl,OKC,49,11.7,0.526,15.4,0.065,-2.2,-0.1,2021-22,1630526,22.2,101.1,110.9,USA,USA,2,0.3033
Jeremiah RobinsonEarl,OKC,43,13.0,0.548,14.6,0.111,-1.5,0.1,2022-23,1630526,18.9,112.9,113.8,USA,USA,2,0.4239
Jeremy Sochan,SAS,56,11.4,0.509,19.8,0.005,-4.0,-0.7,2022-23,1631110,26.0,110.6,117.6,Poland,International,2,0.4157
Jeremy Sochan,SAS,74,11.4,0.513,18.8,0.03,-3.4,-0.8,2023-24,1631110,29.6,108.1,115.0,Poland,International,2,0.3766
Jimmy Butler,MIA,57,23.6,0.592,26.5,0.228,6.3,4.0,2021-22,202710,33.9,114.4,108.4,USA,USA,3,0.5408
Jimmy Butler,MIA,64,27.6,0.647,25.6,0.277,8.7,5.8,2022-23,202710,33.4,114.9,113.7,USA,USA,3,0.6807
Jimmy Butler,MIA,60,22.0,0.626,24.0,0.214,4.6,3.4,2023-24,202710,34.0,116.0,110.5,USA,USA,3,0.5608
Joe Ingles,MIL,46,10.7,0.616,12.6,0.107,-0.7,0.3,2022-23,204060,22.7,114.9,112.4,Australia,International,2,0.4291
Joe Ingles,ORL,68,10.6,0.612,11.6,0.108,-0.5,0.5,2023-24,204060,17.2,116.1,110.3,Australia,International,2,0.4032
Joel Embiid,PHI,68,31.2,0.616,37.2,0.252,9.2,6.5,2021-22,203954,33.8,115.6,107.8,Cameroon,International,2,0.6431
Joel Embiid,PHI,66,31.4,0.655,37.0,0.259,9.2,6.4,2022-23,203954,34.6,119.0,110.2,Cameroon,International,2,0.7072
John Collins,ATL,54,18.7,0.61,20.5,0.146,1.5,1.5,2021-22,1628381,30.8,113.5,112.7,USA,USA,3,0.505
John Collins,ATL,71,13.6,0.593,17.1,0.095,-1.3,0.4,2022-23,1628381,30.0,115.0,115.2,USA,USA,3,0.4778
John Collins,UTA,68,17.5,0.621,20.4,0.11,-0.9,0.5,2023-24,1628381,28.0,114.2,121.7,USA,USA,3,0.6028
John Konchar,MEM,72,14.0,0.615,9.9,0.155,1.5,1.2,2021-22,1629723,17.9,109.7,107.0,USA,USA,3,0.3618
John Konchar,MEM,72,10.8,0.542,10.4,0.111,0.5,0.9,2022-23,1629723,20.7,114.6,107.5,USA,USA,3,0.3359
John Konchar,MEM,55,11.4,0.537,9.7,0.091,-0.4,0.5,2023-24,1629723,21.3,106.3,112.2,USA,USA,3,0.3466
Jonas Valanciunas,NOP,74,21.2,0.617,23.8,0.156,1.9,2.2,2021-22,202685,30.3,111.4,110.2,Lithuania,International,3,0.4927
Jonas Valanciunas,NOP,79,19.3,0.61,23.4,0.142,-0.4,0.8,2022-23,202685,24.9,112.8,113.5,Lithuania,International,3,0.5114
Jonas Valanciunas,NOP,82,19.8,0.619,20.8,0.177,1.2,1.6,2023-24,202685,23.5,117.3,113.4,Lithuania,International,3,0.5486
Jonathan Kuminga,GSW,70,15.2,0.6,22.7,0.123,-1.5,0.1,2021-22,1630228,16.9,109.5,107.5,DRC,International,3,0.3821
Jonathan Kuminga,GSW,67,13.3,0.597,19.6,0.084,-1.7,0.1,2022-23,1630228,20.8,111.7,113.0,DRC,International,3,0.4356
Jonathan Kuminga,GSW,74,17.0,0.598,24.1,0.113,-0.4,0.8,2023-24,1630228,26.3,115.1,112.2,DRC,International,3,0.4864
Jordan Clarkson,UTA,79,14.9,0.532,26.8,0.079,-0.6,0.7,2021-22,203903,27.1,115.7,107.0,USA,USA,3,0.3852
Jordan Clarkson,UTA,61,14.7,0.558,27.8,0.042,-1.4,0.3,2022-23,203903,32.6,117.4,116.6,USA,USA,3,0.5181
Jordan Clarkson,UTA,55,12.7,0.521,26.1,0.006,-4.5,-1.1,2023-24,203903,30.6,113.9,119.7,USA,USA,3,0.4856
Jordan Goodwin,WAS,62,14.8,0.531,17.3,0.097,0.7,0.8,2022-23,1630692,17.8,107.1,111.7,USA,USA,2,0.3865
Jordan Goodwin,MEM,57,12.6,0.451,19.0,0.054,-1.0,0.3,2023-24,1630692,18.5,105.6,109.7,USA,USA,2,0.2986
Jordan Nwora,MIL,62,9.9,0.506,19.4,0.025,-4.1,-0.6,2021-22,1629670,19.1,109.5,112.5,USA,USA,2,0.3413
Jordan Nwora,IND,62,12.2,0.561,19.4,0.06,-2.1,0.0,2022-23,1629670,19.2,107.0,117.2,USA,USA,2,0.4437
Jordan Poole,GSW,76,16.1,0.598,26.0,0.126,1.0,1.7,2021-22,1629673,30.0,112.1,105.5,USA,USA,3,0.4018
Jordan Poole,GSW,82,14.6,0.573,29.2,0.063,-1.9,0.1,2022-23,1629673,30.0,111.0,111.8,USA,USA,3,0.4378
Jordan Poole,WAS,78,12.1,0.529,26.4,-0.013,-3.9,-1.2,2023-24,1629673,30.1,108.4,119.5,USA,USA,3,0.4559
Jose Alvarado,NOP,54,16.4,0.52,18.4,0.121,1.9,0.8,2021-22,1630631,15.4,112.1,104.8,USA,USA,3,0.3326
Jose Alvarado,NOP,61,11.8,0.525,19.8,0.066,-1.2,0.3,2022-23,1630631,21.5,112.1,108.4,USA,USA,3,0.342
Jose Alvarado,NOP,56,12.5,0.54,17.3,0.097,-0.1,0.5,2023-24,1630631,18.4,117.3,105.2,USA,USA,3,0.3365
Josh Giddey,OKC,54,13.3,0.478,22.2,0.01,-0.9,0.5,2021-22,1630581,31.5,101.1,109.4,Australia,International,3,0.2857
Josh Giddey,OKC,76,17.1,0.533,24.6,0.081,1.2,1.9,2022-23,1630581,31.1,111.8,114.0,Australia,International,3,0.4767
Josh Giddey,OKC,80,16.6,0.547,23.1,0.102,1.5,1.8,2023-24,1630581,25.1,119.6,111.5,Australia,International,3,0.4839
Josh Green,DAL,67,11.9,0.578,13.9,0.111,-1.0,0.3,2021-22,1630182,15.5,107.5,103.8,Australia,International,3,0.2731
Josh Green,DAL,60,11.2,0.645,14.6,0.082,-2.4,-0.2,2022-23,1630182,25.7,115.3,112.8,Australia,International,3,0.4381
Josh Green,DAL,57,9.9,0.588,13.1,0.071,-2.7,-0.3,2023-24,1630182,26.4,116.7,118.8,Australia,International,3,0.4896
Josh Hart,POR,54,16.1,0.61,18.6,0.117,0.9,1.3,2021-22,1628404,33.2,108.4,113.2,USA,USA,3,0.4614
Josh Hart,NYK,76,14.1,0.622,12.6,0.118,0.9,1.8,2022-23,1628404,32.3,119.4,113.5,USA,USA,3,0.4963
Josh Hart,NYK,81,11.8,0.522,13.5,0.1,0.0,1.4,2023-24,1628404,33.4,117.2,110.6,USA,USA,3,0.3939
Josh Okogie,PHX,72,13.3,0.531,17.7,0.101,-0.2,0.6,2022-23,1629006,18.8,112.9,108.0,Nigeria,International,2,0.3563
Josh Okogie,PHX,60,12.0,0.552,13.0,0.104,-0.5,0.4,2023-24,1629006,16.0,112.8,111.5,Nigeria,International,2,0.3889
Josh Richardson,SAS,65,12.8,0.573,17.6,0.106,0.1,0.9,2021-22,1626196,24.6,112.3,107.8,USA,USA,3,0.3696
Josh Richardson,NOP,65,12.3,0.555,18.4,0.055,-1.2,0.3,2022-23,1626196,23.5,108.4,113.6,USA,USA,3,0.3999
Josh Richardson,MIA,43,11.4,0.573,16.5,0.093,-1.3,0.2,2023-24,1626196,25.6,108.7,113.7,USA,USA,3,0.4108
Jrue Holiday,MIL,67,19.8,0.593,23.5,0.15,3.2,2.9,2021-22,201950,32.9,118.2,109.7,USA,USA,3,0.5104
Jrue Holiday,MIL,67,19.2,0.586,25.0,0.148,3.1,2.8,2022-23,201950,32.6,117.0,107.9,USA,USA,3,0.4799
Jrue Holiday,BOS,69,14.4,0.597,16.3,0.133,2.1,2.4,2023-24,201950,32.8,120.6,110.9,USA,USA,3,0.4846
Julius Randle,NYK,72,15.7,0.509,28.7,0.059,0.5,1.6,2021-22,203944,35.3,108.0,111.6,USA,USA,3,0.4168
Julius Randle,NYK,77,20.3,0.581,29.5,0.142,3.7,3.9,2022-23,203944,35.5,118.1,115.4,USA,USA,3,0.6113
Julius Randle,NYK,46,18.9,0.569,29.9,0.113,1.9,1.6,2023-24,203944,35.4,119.7,113.8,USA,USA,3,0.5585
Justin Holiday,SAC,74,9.5,0.543,15.8,0.033,-2.2,-0.1,2021-22,203200,27.8,108.8,113.9,USA,USA,2,0.3702
Justin Holiday,DAL,46,6.6,0.494,14.1,0.008,-3.9,-0.3,2022-23,203200,15.4,104.8,113.9,USA,USA,2,0.3031
Jusuf Nurkic,POR,56,20.0,0.586,23.6,0.11,0.3,0.9,2021-22,203994,28.2,109.9,110.1,Bosnia and Herzegovina,International,3,0.4394
Jusuf Nurkic,POR,52,17.3,0.589,22.1,0.092,0.1,0.7,2022-23,203994,26.8,114.6,114.3,Bosnia and Herzegovina,International,3,0.4976
Jusuf Nurkic,PHX,76,17.4,0.559,19.1,0.133,1.1,1.6,2023-24,203994,27.3,120.5,111.3,Bosnia and Herzegovina,International,3,0.4848
KJ Martin,HOU,79,14.3,0.603,16.3,0.084,-1.2,0.4,2021-22,1630231,21.0,108.5,115.4,USA,USA,2,0.4509
KJ Martin,HOU,82,15.4,0.635,16.4,0.103,-0.7,0.7,2022-23,1630231,28.0,110.6,118.7,USA,USA,2,0.5307
KarlAnthony Towns,MIN,74,24.1,0.64,27.8,0.199,5.0,4.4,2021-22,1626157,33.5,116.9,111.6,USA,USA,2,0.6082
KarlAnthony Towns,MIN,62,18.8,0.625,27.4,0.148,2.5,2.3,2023-24,1626157,32.7,116.3,109.1,USA,USA,2,0.5094
Kawhi Leonard,LAC,52,23.9,0.623,27.0,0.194,6.1,3.5,2022-23,202695,33.6,118.2,112.1,USA,USA,2,0.6078
Kawhi Leonard,LAC,68,23.2,0.626,26.5,0.184,5.5,4.4,2023-24,202695,34.3,119.3,111.1,USA,USA,2,0.5971
Keegan Murray,SAC,80,12.3,0.597,15.8,0.087,-0.6,0.8,2022-23,1631099,29.8,118.8,117.1,USA,USA,2,0.5167
Keegan Murray,SAC,77,13.3,0.569,18.1,0.096,-0.9,0.8,2023-24,1631099,33.6,116.2,113.4,USA,USA,2,0.4571
Keita BatesDiop,SAS,59,12.4,0.578,14.8,0.08,-2.6,-0.1,2021-22,1628966,16.2,107.0,106.2,USA,USA,2,0.2894
Keita BatesDiop,SAS,67,14.9,0.609,16.7,0.089,-0.6,0.5,2022-23,1628966,21.7,108.1,116.6,USA,USA,2,0.4754
Keldon Johnson,SAS,75,15.2,0.574,21.3,0.098,-0.5,0.9,2021-22,1629640,31.9,113.2,111.1,USA,USA,3,0.4341
Keldon Johnson,SAS,63,15.3,0.551,27.9,0.03,-1.8,0.1,2022-23,1629640,32.8,110.2,121.4,USA,USA,3,0.5431
Keldon Johnson,SAS,69,14.2,0.565,21.9,0.071,-1.7,0.2,2023-24,1629640,29.5,108.5,116.1,USA,USA,3,0.4583
Kelly Olynyk,UTA,68,14.4,0.643,17.8,0.106,0.4,1.2,2022-23,203482,28.6,116.4,116.0,Canada,International,2,0.5341
Kelly Olynyk,TOR,78,17.4,0.661,17.5,0.133,1.8,1.7,2023-24,203482,22.5,111.7,119.1,Canada,International,2,0.5865
Kelly Oubre Jr,CHA,76,14.9,0.56,23.0,0.079,-1.4,0.3,2021-22,1626162,26.3,112.3,112.4,USA,USA,3,0.434
Kelly Oubre Jr,CHA,48,14.8,0.534,26.5,0.051,-1.1,0.3,2022-23,1626162,32.2,107.6,115.3,USA,USA,3,0.4466
Kelly Oubre Jr,PHI,68,13.5,0.535,22.4,0.07,-2.3,-0.1,2023-24,1626162,30.2,114.1,114.0,USA,USA,3,0.4391
Kenrich Williams,OKC,49,13.3,0.532,15.6,0.081,-0.3,0.5,2021-22,1629026,21.9,102.0,100.3,USA,USA,2,0.1883
Kenrich Williams,OKC,53,14.4,0.585,13.7,0.133,0.5,0.8,2022-23,1629026,22.8,113.3,109.2,USA,USA,2,0.3978
Kentavious CaldwellPope,WAS,77,12.6,0.568,19.0,0.058,-1.5,0.3,2021-22,203484,30.2,109.1,113.8,USA,USA,3,0.4134
Kentavious CaldwellPope,DEN,76,11.5,0.598,14.1,0.091,-1.0,0.6,2022-23,203484,31.3,121.4,111.5,USA,USA,3,0.4432
Kentavious CaldwellPope,DEN,76,10.7,0.602,12.9,0.096,-1.4,0.4,2023-24,203484,31.6,122.4,111.0,USA,USA,3,0.4345
Kevin Durant,BKN,55,25.6,0.634,31.2,0.198,7.2,4.8,2021-22,201142,37.2,116.2,109.7,USA,USA,3,0.6045
Kevin Durant,PHX,47,25.9,0.677,30.7,0.194,7.1,3.9,2022-23,201142,35.6,117.1,110.3,USA,USA,3,0.6245
Kevin Durant,PHX,75,21.2,0.626,29.0,0.142,4.0,4.3,2023-24,201142,37.2,118.1,113.3,USA,USA,3,0.6047
Kevin Huerter,ATL,74,11.9,0.57,17.5,0.062,-1.2,0.4,2021-22,1628989,29.6,116.4,112.5,USA,USA,3,0.4255
Kevin Huerter,SAC,75,15.2,0.617,19.9,0.107,1.0,1.7,2022-23,1628989,29.4,121.0,116.6,USA,USA,3,0.5691
Kevin Huerter,SAC,64,12.4,0.564,17.3,0.089,-0.8,0.5,2023-24,1628989,24.4,117.5,115.0,USA,USA,3,0.4734
Kevin Love,CLE,74,19.6,0.594,25.1,0.164,4.5,2.7,2021-22,201567,22.5,108.9,107.4,USA,USA,3,0.4507
Kevin Love,MIA,62,13.1,0.548,19.2,0.099,0.6,0.8,2022-23,201567,20.0,113.7,109.8,USA,USA,3,0.3992
Kevin Love,MIA,55,18.5,0.597,21.9,0.17,3.6,1.3,2023-24,201567,16.8,114.7,108.2,USA,USA,3,0.4634
Kevin Porter Jr,HOU,61,13.5,0.531,24.1,0.021,-1.6,0.2,2021-22,1629645,31.3,108.3,114.9,USA,USA,2,0.4189
Kevin Porter Jr,HOU,59,16.2,0.565,24.3,0.068,0.6,1.3,2022-23,1629645,34.3,111.2,119.5,USA,USA,2,0.5463
Kevon Looney,GSW,82,15.7,0.586,12.2,0.187,0.9,1.3,2021-22,1626172,21.1,113.2,107.2,USA,USA,3,0.3909
Kevon Looney,GSW,82,17.8,0.639,10.6,0.212,2.1,2.0,2022-23,1626172,23.9,116.4,112.0,USA,USA,3,0.508
Kevon Looney,GSW,74,15.1,0.62,11.3,0.162,0.6,0.8,2023-24,1626172,16.1,115.4,114.0,USA,USA,3,0.4884
Khris Middleton,MIL,66,18.1,0.577,26.7,0.119,1.6,1.9,2021-22,203114,32.4,115.0,109.6,USA,USA,2,0.4723
Khris Middleton,MIL,55,17.0,0.595,23.9,0.109,1.1,1.2,2023-24,203114,27.0,118.0,114.6,USA,USA,2,0.5374
Killian Hayes,DET,66,9.3,0.461,15.7,0.014,-3.5,-0.6,2021-22,1630165,25.0,102.6,112.9,France,International,3,0.2823
Killian Hayes,DET,76,10.2,0.455,20.5,-0.012,-3.8,-1.0,2022-23,1630165,28.3,106.7,117.6,France,International,3,0.3699
Killian Hayes,DET,42,10.5,0.474,15.1,0.032,-2.7,-0.2,2023-24,1630165,24.0,106.5,117.6,France,International,3,0.3812
Klay Thompson,GSW,69,14.7,0.576,26.4,0.066,-0.3,1.0,2022-23,202691,33.0,115.4,112.6,USA,USA,2,0.4732
Klay Thompson,GSW,77,13.9,0.576,24.2,0.075,-0.4,0.9,2023-24,202691,29.7,115.8,116.1,USA,USA,2,0.5139
Kristaps Porzingis,WAS,51,23.7,0.577,29.5,0.18,3.9,2.2,2021-22,204001,29.0,109.9,109.5,Latvia,International,3,0.5043
Kristaps Porzingis,WAS,65,23.1,0.627,27.4,0.174,4.3,3.4,2022-23,204001,32.6,116.2,114.8,Latvia,International,3,0.6218
Kristaps Porzingis,BOS,57,23.2,0.647,25.1,0.226,5.1,3.0,2023-24,204001,29.6,120.8,109.6,Latvia,International,3,0.5889
Kyle Anderson,MEM,69,14.4,0.506,16.2,0.113,1.2,1.2,2021-22,203937,21.5,110.3,108.3,USA,USA,3,0.3501
Kyle Anderson,MIN,69,14.8,0.583,14.4,0.125,2.5,2.2,2022-23,203937,28.4,113.9,111.7,USA,USA,3,0.4518
Kyle Anderson,MIN,79,12.7,0.513,14.5,0.121,1.1,1.4,2023-24,203937,22.6,110.1,105.1,USA,USA,3,0.301
Kyle Kuzma,WAS,66,15.2,0.547,24.2,0.044,-0.2,1.0,2021-22,1628398,33.4,108.2,114.3,USA,USA,3,0.4397
Kyle Kuzma,WAS,64,14.3,0.544,27.9,0.019,-1.7,0.2,2022-23,1628398,35.0,112.9,112.6,USA,USA,3,0.4285
Kyle Kuzma,WAS,70,15.7,0.547,29.7,0.004,-1.1,0.5,2023-24,1628398,32.6,109.7,120.8,USA,USA,3,0.5361
Kyle Lowry,MIA,63,15.0,0.6,18.2,0.143,2.0,2.1,2021-22,200768,33.9,112.5,106.6,USA,USA,3,0.4001
Kyle Lowry,MIA,55,12.6,0.565,16.7,0.096,0.2,0.9,2022-23,200768,31.2,112.4,111.3,USA,USA,3,0.4078
Kyle Lowry,PHI,60,10.9,0.594,12.9,0.1,-1.0,0.4,2023-24,200768,28.2,111.4,111.6,USA,USA,3,0.393
Kyrie Irving,DAL,60,22.4,0.613,28.9,0.159,4.1,3.5,2022-23,202681,37.3,117.9,113.2,Australia,International,2,0.6011
Kyrie Irving,DAL,58,21.9,0.608,28.1,0.163,4.9,3.6,2023-24,202681,35.0,119.6,112.6,Australia,International,2,0.5995
Lamar Stevens,CLE,63,11.3,0.544,17.1,0.078,-2.9,-0.2,2021-22,1630205,16.1,108.4,109.7,USA,USA,2,0.3327
Lamar Stevens,CLE,62,9.5,0.524,13.6,0.08,-2.8,-0.2,2022-23,1630205,18.1,112.2,111.1,USA,USA,2,0.3445
Landry Shamet,PHX,69,10.2,0.55,16.8,0.085,-1.2,0.3,2021-22,1629013,20.8,107.8,102.9,USA,USA,2,0.2481
Landry Shamet,WAS,46,10.5,0.556,18.8,0.022,-4.0,-0.4,2023-24,1629013,15.8,109.3,119.2,USA,USA,2,0.4502
Larry Nance Jr,NOP,46,14.4,0.59,12.8,0.104,-0.1,0.5,2021-22,1626204,22.6,110.7,112.6,USA,USA,3,0.4172
Larry Nance Jr,NOP,65,16.0,0.649,11.9,0.171,2.0,1.4,2022-23,1626204,21.2,114.1,107.4,USA,USA,3,0.4213
Larry Nance Jr,NOP,61,14.9,0.653,11.3,0.16,2.0,1.2,2023-24,1626204,19.9,111.7,108.4,USA,USA,3,0.4153
Lauri Markkanen,CLE,61,14.7,0.582,19.5,0.127,0.4,1.1,2021-22,1628374,30.8,113.9,109.9,Finland,International,3,0.4301
Lauri Markkanen,UTA,66,22.1,0.64,26.6,0.173,3.8,3.3,2022-23,1628374,34.4,117.4,113.6,Finland,International,3,0.6073
Lauri Markkanen,UTA,55,21.5,0.631,25.0,0.163,3.6,2.6,2023-24,1628374,33.1,117.6,116.9,Finland,International,3,0.6334
LeBron James,LAL,56,26.2,0.619,32.3,0.172,7.7,5.1,2021-22,2544,37.2,110.9,113.5,USA,USA,3,0.6276
LeBron James,LAL,55,23.9,0.583,33.3,0.138,6.1,4.0,2022-23,2544,35.5,115.6,111.0,USA,USA,3,0.5742
LeBron James,LAL,71,23.7,0.63,29.2,0.164,6.5,5.4,2023-24,2544,35.3,117.4,113.6,USA,USA,3,0.6391
Lonnie Walker IV,SAS,70,12.3,0.512,23.6,0.037,-2.5,-0.2,2021-22,1629022,23.0,108.5,111.5,USA,USA,3,0.3602
Lonnie Walker IV,LAL,56,12.2,0.57,20.2,0.066,-1.4,0.2,2022-23,1629022,23.2,108.8,116.1,USA,USA,3,0.4492
Lonnie Walker IV,BKN,58,13.1,0.545,24.4,0.038,-1.4,0.2,2023-24,1629022,17.4,111.3,111.8,USA,USA,3,0.4019
Luguentz Dort,OKC,51,12.3,0.541,23.3,0.04,-2.3,-0.1,2021-22,1629652,32.7,101.9,110.1,Canada,International,3,0.3235
Luguentz Dort,OKC,74,11.3,0.513,19.8,0.062,-3.0,-0.6,2022-23,1629652,30.7,115.0,114.1,Canada,International,3,0.412
Luguentz Dort,OKC,79,11.1,0.593,15.4,0.097,-1.6,0.2,2023-24,1629652,28.4,119.9,112.1,Canada,International,3,0.4429
Luka Doncic,DAL,65,25.1,0.571,37.4,0.159,8.2,5.9,2021-22,1629029,35.4,113.8,110.3,Slovenia,International,3,0.5975
Luka Doncic,DAL,66,28.7,0.609,37.6,0.204,8.9,6.6,2022-23,1629029,36.2,118.1,116.0,Slovenia,International,3,0.7412
Luka Doncic,DAL,70,28.1,0.617,36.0,0.22,9.9,8.0,2023-24,1629029,37.5,119.6,113.8,Slovenia,International,3,0.732
Luke Kennard,LAC,70,13.3,0.619,16.8,0.113,0.5,1.2,2021-22,1628379,27.4,110.0,106.6,USA,USA,2,0.3647
Luke Kennard,MEM,59,13.0,0.684,14.5,0.124,0.5,0.8,2022-23,1628379,22.3,116.5,109.1,USA,USA,2,0.4443
Malaki Branham,SAS,66,9.5,0.524,19.1,-0.004,-5.2,-1.3,2022-23,1631103,23.5,108.3,119.4,USA,USA,2,0.4156
Malaki Branham,SAS,75,8.7,0.526,19.8,-0.008,-5.6,-1.5,2023-24,1631103,21.3,105.9,117.0,USA,USA,2,0.3691
Malik Beasley,MIN,79,11.9,0.544,19.4,0.069,-0.7,0.7,2021-22,1627736,25.0,112.1,110.1,USA,USA,3,0.3766
Malik Beasley,LAL,81,10.9,0.531,21.1,0.032,-2.0,0.0,2022-23,1627736,25.8,112.4,114.6,USA,USA,3,0.4157
Malik Beasley,MIL,79,10.3,0.603,14.6,0.073,-1.8,0.1,2023-24,1627736,29.6,118.3,112.6,USA,USA,3,0.432
Malik Monk,LAL,76,14.4,0.597,20.1,0.081,-0.5,0.8,2021-22,1628370,28.1,113.2,112.9,USA,USA,3,0.4545
Malik Monk,SAC,77,16.6,0.587,25.8,0.091,0.3,1.0,2022-23,1628370,22.3,113.8,112.7,USA,USA,3,0.4851
Malik Monk,SAC,72,16.0,0.564,25.9,0.09,0.6,1.2,2023-24,1628370,26.0,115.2,115.1,USA,USA,3,0.516
Marcus Morris Sr,LAC,54,13.7,0.549,23.2,0.074,-1.4,0.3,2021-22,202694,29.0,109.2,114.0,USA,USA,3,0.433
Marcus Morris Sr,LAC,65,10.5,0.534,17.6,0.053,-1.9,0.0,2022-23,202694,28.1,113.7,113.9,USA,USA,3,0.4065
Marcus Morris Sr,CLE,49,9.9,0.558,16.6,0.06,-3.8,-0.4,2023-24,202694,16.7,110.7,114.6,USA,USA,3,0.3982
Marcus Smart,BOS,71,13.6,0.54,18.3,0.116,0.5,1.5,2021-22,203935,32.3,114.5,105.2,USA,USA,2,0.3455
Marcus Smart,BOS,61,12.1,0.538,17.8,0.092,-1.0,0.5,2022-23,203935,32.1,118.1,111.7,USA,USA,2,0.4228
Markelle Fultz,ORL,60,16.6,0.564,21.3,0.1,0.5,1.2,2022-23,1628365,29.6,110.3,114.0,USA,USA,2,0.467
Markelle Fultz,ORL,43,12.6,0.492,18.8,0.069,-1.4,0.1,2023-24,1628365,21.2,109.6,109.0,USA,USA,2,0.3239
Marvin Bagley III,DET,48,15.7,0.551,19.8,0.084,-2.3,-0.1,2021-22,1628963,23.9,109.3,114.9,USA,USA,3,0.4371
Marvin Bagley III,DET,42,17.2,0.587,20.4,0.095,-0.9,0.3,2022-23,1628963,23.6,107.3,117.9,USA,USA,3,0.5003
Marvin Bagley III,WAS,50,19.4,0.629,21.0,0.122,-0.4,0.4,2023-24,1628963,21.1,109.5,115.5,USA,USA,3,0.5135
Mason Plumlee,CHA,73,14.7,0.603,11.7,0.127,0.0,0.9,2021-22,203486,24.6,110.5,109.6,USA,USA,2,0.3879
Mason Plumlee,LAC,79,19.6,0.689,15.2,0.185,2.2,2.2,2022-23,203486,26.0,111.5,117.4,USA,USA,2,0.5926
Matisse Thybulle,PHI,66,11.2,0.594,9.5,0.107,1.1,1.3,2021-22,1629680,25.5,110.9,107.2,USA,USA,3,0.3364
Matisse Thybulle,POR,71,10.5,0.552,10.6,0.086,-0.5,0.4,2022-23,1629680,16.9,109.9,110.3,USA,USA,3,0.3409
Matisse Thybulle,POR,65,10.4,0.537,10.6,0.072,0.6,0.9,2023-24,1629680,22.9,107.7,115.1,USA,USA,3,0.3931
Max Strus,MIA,68,12.7,0.614,18.1,0.11,0.9,1.2,2021-22,1629622,23.3,113.7,108.1,USA,USA,3,0.4034
Max Strus,MIA,80,10.8,0.557,17.6,0.071,-1.7,0.2,2022-23,1629622,28.4,109.3,113.1,USA,USA,3,0.3931
Max Strus,CLE,70,11.7,0.553,17.4,0.083,-0.6,0.8,2023-24,1629622,32.0,115.3,109.7,USA,USA,3,0.3868
Maxi Kleber,DAL,59,11.0,0.537,13.3,0.098,-0.4,0.6,2021-22,1628467,24.6,109.2,105.3,Germany,International,2,0.2811
Maxi Kleber,DAL,43,8.8,0.573,9.6,0.08,-1.3,0.2,2023-24,1628467,20.3,116.5,109.9,Germany,International,2,0.3586
Michael Porter Jr,DEN,62,16.8,0.621,22.7,0.116,0.2,1.0,2022-23,1629008,29.0,122.6,112.2,USA,USA,2,0.5282
Michael Porter Jr,DEN,81,15.5,0.601,20.7,0.115,0.1,1.3,2023-24,1629008,31.7,120.2,112.1,USA,USA,2,0.4987
Mikal Bridges,PHX,82,14.4,0.627,15.0,0.15,1.6,2.6,2021-22,1628969,34.8,116.7,106.9,USA,USA,3,0.4242
Mikal Bridges,BKN,83,16.8,0.587,22.6,0.121,1.7,2.8,2022-23,1628969,35.7,114.0,113.2,USA,USA,3,0.5087
Mikal Bridges,BKN,82,14.9,0.56,24.3,0.07,-0.4,1.2,2023-24,1628969,34.8,111.0,114.3,USA,USA,3,0.4655
Mike Conley,UTA,72,17.2,0.572,20.9,0.157,3.1,2.7,2021-22,201144,28.6,112.5,104.9,USA,USA,3,0.3952
Mike Conley,MIN,67,14.7,0.583,16.3,0.13,0.9,1.5,2022-23,201144,30.3,117.3,116.1,USA,USA,3,0.5239
Mike Conley,MIN,76,15.8,0.627,16.0,0.18,3.4,3.0,2023-24,201144,28.9,113.7,108.0,USA,USA,3,0.4522
Miles Bridges,CHA,80,17.9,0.593,22.6,0.123,1.5,2.5,2021-22,1628970,35.5,114.5,112.4,USA,USA,2,0.5036
Miles Bridges,CHA,69,15.4,0.556,24.7,0.04,-1.1,0.6,2023-24,1628970,37.4,108.0,120.1,USA,USA,2,0.5155
Mitchell Robinson,NYK,72,20.7,0.722,11.4,0.221,2.2,2.0,2021-22,1629011,25.7,109.1,111.2,USA,USA,2,0.51
Mitchell Robinson,NYK,59,18.9,0.652,10.1,0.197,2.4,1.7,2022-23,1629011,26.9,119.9,112.6,USA,USA,2,0.5329
Mo Bamba,ORL,71,16.5,0.582,17.2,0.118,0.7,1.2,2021-22,1628964,25.7,101.8,111.3,USA,USA,2,0.3902
Mo Bamba,LAL,49,15.7,0.602,16.6,0.139,0.5,0.5,2022-23,1628964,15.7,113.0,111.5,USA,USA,2,0.448
Monte Morris,DEN,75,14.7,0.583,17.4,0.116,0.0,1.1,2021-22,1628420,29.9,116.3,110.4,USA,USA,2,0.4357
Monte Morris,WAS,62,15.0,0.579,15.6,0.12,0.5,1.1,2022-23,1628420,27.4,117.4,117.3,USA,USA,2,0.5301
Moritz Wagner,ORL,63,18.1,0.623,22.9,0.138,1.6,0.9,2021-22,1629021,15.2,105.3,112.6,Germany,International,3,0.4719
Moritz Wagner,ORL,57,17.4,0.63,21.1,0.149,0.6,0.7,2022-23,1629021,19.5,109.4,110.6,Germany,International,3,0.4559
Moritz Wagner,ORL,80,20.6,0.676,22.8,0.188,2.0,1.4,2023-24,1629021,17.7,113.9,110.8,Germany,International,3,0.5343
Myles Turner,IND,42,17.4,0.615,17.1,0.12,1.4,1.1,2021-22,1626167,29.4,109.7,109.9,USA,USA,3,0.4246
Myles Turner,IND,62,20.0,0.651,22.0,0.142,2.1,1.9,2022-23,1626167,29.4,115.1,116.3,USA,USA,3,0.5893
Myles Turner,IND,77,19.3,0.626,23.4,0.134,0.9,1.5,2023-24,1626167,27.0,120.6,115.5,USA,USA,3,0.5871
Naji Marshall,NOP,77,11.4,0.539,17.8,0.068,-1.9,0.1,2022-23,1630230,23.3,111.2,111.4,USA,USA,2,0.372
Naji Marshall,NOP,66,12.7,0.576,16.3,0.1,-0.7,0.4,2023-24,1630230,19.0,115.4,106.8,USA,USA,2,0.3581
Nassir Little,POR,42,13.5,0.575,15.8,0.076,-1.4,0.2,2021-22,1629642,25.9,110.2,111.1,USA,USA,2,0.3812
Nassir Little,POR,54,10.2,0.555,16.0,0.032,-3.0,-0.3,2022-23,1629642,18.1,111.1,119.9,USA,USA,2,0.4643
Naz Reid,MIN,77,17.2,0.588,21.4,0.125,0.0,0.6,2021-22,1629675,15.8,105.5,107.9,USA,USA,3,0.3758
Naz Reid,MIN,68,18.5,0.617,24.8,0.114,1.0,1.0,2022-23,1629675,18.4,109.2,113.3,USA,USA,3,0.4956
Naz Reid,MIN,81,16.0,0.595,23.1,0.12,1.5,1.7,2023-24,1629675,24.2,111.1,105.5,USA,USA,3,0.3856
Nic Claxton,BKN,47,18.6,0.672,15.1,0.171,0.5,0.6,2021-22,1629651,20.7,109.4,109.8,USA,USA,3,0.449
Nic Claxton,BKN,76,20.8,0.691,15.4,0.195,3.1,2.9,2022-23,1629651,29.9,115.1,111.3,USA,USA,3,0.5428
Nic Claxton,BKN,71,18.7,0.629,15.6,0.152,1.2,1.7,2023-24,1629651,29.8,108.4,114.1,USA,USA,3,0.4925
Nick Richards,CHA,65,18.3,0.676,15.6,0.165,-1.3,0.2,2022-23,1630208,18.7,107.5,112.0,Jamaica,International,2,0.461
Nick Richards,CHA,67,16.7,0.717,13.3,0.14,-2.3,-0.1,2023-24,1630208,26.2,106.3,118.2,Jamaica,International,2,0.5282
Nickeil AlexanderWalker,UTA,65,10.5,0.475,24.1,0.003,-2.9,-0.3,2021-22,1629638,22.6,107.6,110.7,Canada,International,3,0.3149
Nickeil AlexanderWalker,MIN,59,11.6,0.565,17.9,0.062,-0.9,0.2,2022-23,1629638,15.0,109.8,111.8,Canada,International,3,0.3845
Nickeil AlexanderWalker,MIN,82,10.9,0.578,14.8,0.107,0.2,1.1,2023-24,1629638,23.4,113.1,105.5,Canada,International,3,0.3305
Nicolas Batum,LAC,59,13.5,0.608,13.3,0.123,2.3,1.6,2021-22,201587,24.8,105.4,109.8,France,International,3,0.3838
Nicolas Batum,LAC,78,11.0,0.594,11.5,0.101,0.5,1.0,2022-23,201587,21.9,114.5,110.0,France,International,3,0.3909
Nicolas Batum,PHI,60,10.2,0.603,8.6,0.103,-0.4,0.6,2023-24,201587,25.5,117.6,111.9,France,International,3,0.4159
Nikola Jokic,DEN,74,32.8,0.661,31.9,0.296,13.7,9.8,2021-22,203999,33.5,117.3,108.9,Serbia,International,3,0.7217
Nikola Jokic,DEN,69,31.5,0.701,27.2,0.308,13.0,8.8,2022-23,203999,33.7,124.2,111.6,Serbia,International,3,0.7786
Nikola Jokic,DEN,79,31.0,0.65,29.3,0.299,13.2,10.6,2023-24,203999,34.6,122.4,110.6,Serbia,International,3,0.7534
Nikola Vucevic,CHI,73,18.2,0.533,24.5,0.09,0.9,1.8,2021-22,202696,33.1,111.3,112.8,Montenegro,International,3,0.4621
Nikola Vucevic,CHI,82,19.1,0.594,21.9,0.145,2.7,3.2,2022-23,202696,33.5,112.3,112.8,Montenegro,International,3,0.5166
Nikola Vucevic,CHI,76,17.7,0.54,23.3,0.1,0.1,1.4,2023-24,202696,34.3,112.5,115.7,Montenegro,International,3,0.501
Norman Powell,LAC,45,16.3,0.603,23.1,0.093,-0.3,0.6,2021-22,1626181,32.4,110.6,118.7,USA,USA,3,0.5428
Norman Powell,LAC,60,17.1,0.612,26.0,0.107,0.3,0.9,2022-23,1626181,26.1,109.2,113.0,USA,USA,3,0.4842
Norman Powell,LAC,76,13.9,0.626,20.0,0.099,-0.8,0.6,2023-24,1626181,26.2,118.0,113.0,USA,USA,3,0.49
OG Anunoby,TOR,48,14.8,0.549,20.5,0.104,0.5,1.1,2021-22,1628384,36.0,112.0,108.1,United Kingdom,International,3,0.3817
OG Anunoby,TOR,67,14.6,0.586,19.5,0.094,0.4,1.5,2022-23,1628384,35.6,114.4,111.4,United Kingdom,International,3,0.4462
OG Anunoby,NYK,50,12.8,0.595,17.6,0.073,-0.6,0.6,2023-24,1628384,34.0,118.2,107.2,United Kingdom,International,3,0.3816
Obi Toppin,NYK,72,18.3,0.614,20.8,0.153,2.0,1.2,2021-22,1630167,17.1,110.9,104.0,USA,USA,3,0.3791
Obi Toppin,NYK,67,13.6,0.565,19.5,0.095,-0.5,0.4,2022-23,1630167,15.7,112.8,110.4,USA,USA,3,0.404
Obi Toppin,IND,82,16.5,0.677,16.8,0.132,1.5,1.5,2023-24,1630167,21.1,120.2,116.6,USA,USA,3,0.5894
Ochai Agbaji,UTA,59,9.5,0.561,15.8,0.053,-3.0,-0.3,2022-23,1630534,20.5,114.4,114.6,USA,USA,2,0.4138
Ochai Agbaji,TOR,78,7.7,0.497,13.4,0.002,-4.4,-1.0,2023-24,1630534,21.0,110.1,117.2,USA,USA,2,0.3653
Onyeka Okongwu,ATL,48,19.8,0.714,14.0,0.202,0.8,0.7,2021-22,1630168,20.7,114.6,109.1,USA,USA,3,0.4902
Onyeka Okongwu,ATL,80,19.4,0.678,15.1,0.185,0.8,1.3,2022-23,1630168,23.1,114.2,112.4,USA,USA,3,0.5208
Onyeka Okongwu,ATL,55,16.9,0.674,13.7,0.153,-0.4,0.5,2023-24,1630168,25.5,118.1,119.0,USA,USA,3,0.5938
Oshae Brissett,IND,67,12.9,0.53,17.3,0.069,-2.2,-0.1,2021-22,1629052,23.3,110.8,116.8,Canada,International,2,0.4402
Oshae Brissett,IND,65,10.6,0.52,16.1,0.05,-3.2,-0.3,2022-23,1629052,16.7,112.4,111.8,Canada,International,2,0.3539
PJ Tucker,MIA,71,11.3,0.593,11.7,0.121,0.6,1.3,2021-22,200782,27.9,113.2,107.1,USA,USA,2,0.3557
PJ Tucker,PHI,75,5.7,0.566,6.5,0.064,-3.0,-0.5,2022-23,200782,25.6,117.3,113.3,USA,USA,2,0.3691
PJ Washington,CHA,65,13.6,0.588,15.6,0.091,-0.1,0.9,2021-22,1629023,27.2,115.0,111.5,USA,USA,3,0.4273
PJ Washington,CHA,73,12.9,0.542,20.6,0.052,-1.3,0.4,2022-23,1629023,32.6,107.5,114.8,USA,USA,3,0.416
PJ Washington,DAL,73,12.2,0.537,19.1,0.04,-2.1,-0.1,2023-24,1629023,30.4,112.8,115.6,USA,USA,3,0.4314
Paolo Banchero,ORL,72,14.9,0.529,27.5,0.047,-1.5,0.3,2022-23,1631094,33.7,111.1,115.3,USA,USA,2,0.4617
Paolo Banchero,ORL,80,17.3,0.546,29.7,0.09,1.3,2.3,2023-24,1631094,35.0,111.9,111.9,USA,USA,2,0.4783
Pascal Siakam,TOR,68,20.3,0.565,25.8,0.151,3.5,3.6,2021-22,1627783,37.9,114.3,109.6,Cameroon,International,3,0.4965
Pascal Siakam,TOR,71,20.3,0.565,27.2,0.141,3.1,3.4,2022-23,1627783,37.4,115.6,113.3,Cameroon,International,3,0.5514
Pascal Siakam,IND,80,19.7,0.601,25.3,0.124,1.9,2.7,2023-24,1627783,33.2,117.6,115.3,Cameroon,International,3,0.578
Pat Connaughton,MIL,65,13.4,0.62,14.0,0.125,1.2,1.4,2021-22,1626192,26.0,111.3,112.1,USA,USA,3,0.4434
Pat Connaughton,MIL,61,10.0,0.531,13.8,0.085,-1.0,0.3,2022-23,1626192,23.7,113.3,109.9,USA,USA,3,0.35
Pat Connaughton,MIL,76,9.6,0.574,10.9,0.08,-1.6,0.2,2023-24,1626192,22.1,115.1,115.9,USA,USA,3,0.4395
Patrick Beverley,MIN,58,14.8,0.539,16.1,0.132,2.7,1.7,2021-22,201976,25.4,113.6,109.8,USA,USA,3,0.4138
Patrick Beverley,CHI,67,8.9,0.534,10.6,0.079,-1.2,0.3,2022-23,201976,27.1,111.6,113.1,USA,USA,3,0.3694
Patrick Beverley,MIL,73,11.6,0.539,14.3,0.09,-1.1,0.3,2023-24,201976,20.0,110.7,112.2,USA,USA,3,0.38
Patrick Williams,CHI,82,11.2,0.576,15.7,0.072,-1.3,0.4,2022-23,1630172,28.3,110.7,113.2,USA,USA,2,0.4056
Patrick Williams,CHI,43,11.0,0.553,16.6,0.048,-2.3,-0.1,2023-24,1630172,27.3,114.3,115.5,USA,USA,2,0.4322
Paul George,LAC,56,19.6,0.588,29.5,0.114,2.8,2.3,2022-23,202331,34.6,116.5,112.5,USA,USA,2,0.5426
Paul George,LAC,74,19.3,0.613,26.6,0.14,3.2,3.3,2023-24,202331,33.8,121.2,112.1,USA,USA,2,0.5731
Precious Achiuwa,TOR,73,12.7,0.503,18.5,0.07,-2.6,-0.2,2021-22,1630173,23.6,108.7,106.7,Nigeria,International,3,0.2858
Precious Achiuwa,TOR,55,15.2,0.554,19.4,0.093,-2.3,-0.1,2022-23,1630173,20.7,114.0,115.6,Nigeria,International,3,0.469
Precious Achiuwa,NYK,74,14.6,0.545,15.9,0.102,-1.4,0.2,2023-24,1630173,21.9,111.2,112.3,Nigeria,International,3,0.4024
Quentin Grimes,NYK,46,10.7,0.565,15.1,0.087,-0.3,0.3,2021-22,1629656,17.1,102.0,105.0,USA,USA,3,0.2554
Quentin Grimes,NYK,71,11.7,0.619,14.4,0.108,-0.1,1.0,2022-23,1629656,29.9,118.6,114.2,USA,USA,3,0.488
Quentin Grimes,DET,51,8.9,0.516,15.8,0.06,-2.2,-0.1,2023-24,1629656,20.1,108.1,109.1,USA,USA,3,0.2986
RJ Barrett,NYK,70,13.7,0.511,27.6,0.046,-1.6,0.2,2021-22,1629628,34.5,108.3,111.6,Canada,International,3,0.3876
RJ Barrett,NYK,73,12.9,0.531,26.2,0.043,-3.1,-0.7,2022-23,1629628,33.9,115.3,116.5,Canada,International,3,0.4731
RJ Barrett,TOR,58,16.4,0.58,26.5,0.075,-0.8,0.6,2023-24,1629628,31.7,113.6,116.9,Canada,International,3,0.5283
RJ Hampton,ORL,64,8.5,0.481,18.4,-0.005,-4.1,-0.7,2021-22,1630181,21.9,99.1,113.5,USA,USA,2,0.2803
RJ Hampton,DET,47,10.8,0.558,17.8,0.042,-2.9,-0.2,2022-23,1630181,15.9,107.1,115.8,USA,USA,2,0.4042
Reggie Bullock Jr,DAL,68,9.2,0.558,13.3,0.08,-1.4,0.3,2021-22,203493,28.0,113.3,106.7,USA,USA,2,0.3097
Reggie Bullock Jr,DAL,78,7.7,0.577,10.0,0.056,-2.6,-0.4,2022-23,203493,30.3,114.7,116.5,USA,USA,2,0.4227
Reggie Jackson,LAC,75,12.1,0.488,27.6,0.008,-3.0,-0.6,2021-22,202704,31.2,108.2,109.4,USA,USA,3,0.3213
Reggie Jackson,DEN,68,10.0,0.514,20.8,0.018,-3.9,-0.8,2022-23,202704,24.4,109.5,111.7,USA,USA,3,0.336
Reggie Jackson,DEN,82,11.7,0.521,21.7,0.056,-3.2,-0.6,2023-24,202704,22.2,112.0,110.6,USA,USA,3,0.3593
Robert Covington,LAC,71,12.4,0.572,13.5,0.08,0.2,1.1,2021-22,203496,27.3,110.9,110.2,USA,USA,2,0.3731
Robert Covington,LAC,48,14.2,0.584,15.6,0.117,1.7,0.7,2022-23,203496,16.2,109.2,110.2,USA,USA,2,0.3975
Romeo Langford,SAS,48,9.2,0.52,12.9,0.082,-1.4,0.1,2021-22,1629641,16.1,104.0,103.1,USA,USA,2,0.2023
Romeo Langford,SAS,43,10.4,0.524,15.4,0.029,-4.2,-0.5,2022-23,1629641,19.6,107.0,115.5,USA,USA,2,0.366
Royce ONeale,UTA,77,10.3,0.608,9.9,0.109,0.8,1.7,2021-22,1626220,31.2,115.8,110.5,USA,USA,3,0.4094
Royce ONeale,BKN,76,9.2,0.538,13.6,0.057,-1.1,0.5,2022-23,1626220,31.7,113.9,111.8,USA,USA,3,0.3702
Royce ONeale,PHX,79,11.1,0.548,13.9,0.085,0.0,1.0,2023-24,1626220,24.7,113.6,110.4,USA,USA,3,0.3767
Rudy Gobert,UTA,66,24.7,0.732,16.9,0.264,4.6,3.6,2021-22,203497,32.1,114.1,104.5,France,International,3,0.5108
Rudy Gobert,MIN,70,18.9,0.675,16.3,0.174,0.7,1.4,2022-23,203497,30.7,110.8,110.3,France,International,3,0.4754
Rudy Gobert,MIN,76,19.3,0.675,15.4,0.216,1.8,2.5,2023-24,203497,34.1,114.6,106.6,France,International,3,0.4654
Rui Hachimura,WAS,42,14.9,0.579,20.9,0.073,-1.4,0.1,2021-22,1629060,22.5,108.7,115.8,Japan,International,3,0.4601
Rui Hachimura,LAL,63,13.2,0.556,20.2,0.06,-2.2,-0.1,2022-23,1629060,23.3,108.5,109.7,Japan,International,3,0.3521
Rui Hachimura,LAL,68,15.0,0.628,18.5,0.108,-0.9,0.5,2023-24,1629060,26.8,116.1,113.5,Japan,International,3,0.4885
Russell Westbrook,LAL,78,15.0,0.512,27.3,0.03,-1.6,0.2,2021-22,201566,34.3,107.5,111.5,USA,USA,3,0.3807
Russell Westbrook,LAC,73,16.1,0.513,27.7,0.044,0.2,1.2,2022-23,201566,29.1,114.1,114.3,USA,USA,3,0.4716
Russell Westbrook,LAC,68,16.2,0.514,25.2,0.066,0.5,1.0,2023-24,201566,22.5,116.5,112.8,USA,USA,3,0.4608
Saddiq Bey,DET,82,14.0,0.529,21.3,0.071,-0.3,1.2,2021-22,1630180,33.0,104.7,114.0,USA,USA,3,0.4084
Saddiq Bey,ATL,77,14.6,0.564,20.2,0.087,-0.3,0.9,2022-23,1630180,27.6,113.9,117.0,USA,USA,3,0.5049
Saddiq Bey,ATL,63,13.1,0.549,17.0,0.081,-1.8,0.1,2023-24,1630180,32.7,118.6,119.1,USA,USA,3,0.5201
Sam Hauser,BOS,80,12.7,0.634,14.7,0.128,1.0,1.0,2022-23,1630573,16.1,114.1,106.4,USA,USA,2,0.3824
Sam Hauser,BOS,79,13.0,0.629,15.0,0.134,1.2,1.4,2023-24,1630573,22.0,121.3,107.1,USA,USA,2,0.4299
Santi Aldama,MEM,77,13.9,0.591,16.0,0.13,0.5,1.1,2022-23,1630583,21.8,112.7,110.2,Spain,International,2,0.4186
Santi Aldama,MEM,61,13.1,0.539,17.9,0.07,-0.2,0.7,2023-24,1630583,26.5,106.2,114.6,Spain,International,2,0.4091
Scottie Barnes,TOR,74,16.3,0.552,19.0,0.122,0.9,1.9,2021-22,1630567,35.4,110.2,108.4,USA,USA,3,0.3903
Scottie Barnes,TOR,77,15.5,0.524,20.3,0.09,0.4,1.6,2022-23,1630567,34.8,114.8,111.6,USA,USA,3,0.4322
Scottie Barnes,TOR,60,19.5,0.566,24.8,0.098,3.7,3.0,2023-24,1630567,34.9,112.6,115.8,USA,USA,3,0.5473
Seth Curry,BKN,64,13.7,0.615,18.5,0.095,-0.6,0.8,2021-22,203552,33.3,113.7,109.2,USA,USA,2,0.4098
Seth Curry,BKN,61,12.3,0.593,19.2,0.07,-2.1,0.0,2022-23,203552,19.8,110.4,113.9,USA,USA,2,0.4294
Shai GilgeousAlexander,OKC,56,20.9,0.557,30.8,0.113,3.4,2.7,2021-22,1628983,34.7,106.6,113.0,Canada,International,3,0.5058
Shai GilgeousAlexander,OKC,68,27.2,0.626,32.8,0.226,7.3,5.6,2022-23,1628983,35.5,116.1,113.3,Canada,International,3,0.6746
Shai GilgeousAlexander,OKC,75,29.3,0.636,32.8,0.275,9.0,7.1,2023-24,1628983,34.0,121.0,109.7,Canada,International,3,0.69
Shake Milton,PHI,55,11.9,0.517,18.3,0.069,-2.2,-0.1,2021-22,1629003,21.4,108.6,109.6,USA,USA,2,0.3286
Shake Milton,PHI,76,12.7,0.575,18.5,0.087,-2.0,0.0,2022-23,1629003,20.6,114.1,110.2,USA,USA,2,0.3938
Spencer Dinwiddie,DAL,67,15.1,0.543,21.4,0.098,0.3,1.1,2021-22,203915,29.6,108.4,109.4,USA,USA,3,0.3821
Spencer Dinwiddie,BKN,79,16.0,0.573,22.1,0.111,0.7,1.8,2022-23,203915,34.5,114.1,114.2,USA,USA,3,0.4996
Spencer Dinwiddie,LAL,76,11.7,0.543,16.6,0.081,-1.9,0.1,2023-24,203915,28.3,116.8,115.2,USA,USA,3,0.451
Stephen Curry,GSW,64,21.4,0.601,30.8,0.173,5.8,4.4,2021-22,201939,34.5,114.1,103.4,USA,USA,3,0.4676
Stephen Curry,GSW,56,24.1,0.656,31.0,0.192,7.5,4.7,2022-23,201939,34.7,118.1,112.4,USA,USA,3,0.6515
Stephen Curry,GSW,74,20.6,0.616,31.3,0.142,5.2,4.4,2023-24,201939,32.7,117.3,114.7,USA,USA,3,0.6279
Steven Adams,MEM,76,17.6,0.56,12.0,0.163,2.0,2.0,2021-22,203500,26.3,117.8,109.5,New Zealand,International,2,0.4394
Steven Adams,MEM,42,17.5,0.564,14.6,0.144,0.6,0.7,2022-23,203500,27.0,118.7,109.0,New Zealand,International,2,0.4272
TJ McConnell,IND,75,16.8,0.59,19.1,0.098,0.5,1.0,2022-23,204456,20.4,110.5,112.9,USA,USA,2,0.4537
TJ McConnell,IND,71,20.9,0.586,23.7,0.143,3.0,1.6,2023-24,204456,18.2,118.8,115.2,USA,USA,2,0.5772
Talen HortonTucker,LAL,60,11.0,0.503,19.2,0.033,-3.3,-0.5,2021-22,1629659,25.2,107.9,110.1,USA,USA,3,0.3093
Talen HortonTucker,UTA,65,13.7,0.508,25.9,0.029,-1.6,0.2,2022-23,1629659,20.2,112.0,112.0,USA,USA,3,0.3973
Talen HortonTucker,UTA,51,13.4,0.503,24.0,0.039,-1.2,0.2,2023-24,1629659,19.8,112.5,117.9,USA,USA,3,0.4744
Taurean Prince,MIN,69,12.4,0.589,17.0,0.09,-0.9,0.3,2021-22,1627752,17.1,111.6,110.9,USA,USA,3,0.3982
Taurean Prince,MIN,54,10.0,0.597,17.3,0.052,-3.3,-0.4,2022-23,1627752,22.1,111.9,111.0,USA,USA,3,0.372
Taurean Prince,LAL,78,8.8,0.579,13.8,0.043,-2.8,-0.4,2023-24,1627752,27.0,113.9,116.5,USA,USA,3,0.4318
Terance Mann,LAC,81,13.4,0.572,16.0,0.113,-0.6,0.8,2021-22,1629611,28.6,108.6,107.1,USA,USA,3,0.3378
Terance Mann,LAC,81,13.4,0.619,15.3,0.111,-0.2,0.8,2022-23,1629611,23.1,113.7,113.5,USA,USA,3,0.4637
Terance Mann,LAC,75,12.0,0.615,13.6,0.106,-1.5,0.2,2023-24,1629611,25.0,116.7,114.8,USA,USA,3,0.4726
Terrence Ross,ORL,63,10.0,0.515,20.5,0.011,-3.7,-0.6,2021-22,203082,23.0,101.9,113.8,USA,USA,2,0.3291
Terrence Ross,PHX,63,10.2,0.544,16.8,0.059,-2.1,0.0,2022-23,203082,21.1,112.1,114.7,USA,USA,2,0.4112
Terry Rozier,CHA,73,17.6,0.566,23.2,0.115,1.7,2.3,2021-22,1626179,33.7,113.3,112.0,USA,USA,3,0.4807
Terry Rozier,CHA,63,14.7,0.517,26.9,0.037,-0.6,0.8,2022-23,1626179,35.3,109.3,115.6,USA,USA,3,0.454
Terry Rozier,MIA,61,17.3,0.555,25.9,0.091,1.5,1.8,2023-24,1626179,33.4,110.2,117.2,USA,USA,3,0.5298
Theo Maledon,OKC,51,10.6,0.5,20.3,0.015,-4.4,-0.6,2021-22,1630177,17.8,101.8,112.3,France,International,2,0.3023
Theo Maledon,CHA,44,11.6,0.515,17.0,0.047,-2.5,-0.1,2022-23,1630177,19.4,106.9,115.8,France,International,2,0.3904
Tim Hardaway Jr,DAL,42,12.7,0.52,22.0,0.077,-0.2,0.6,2021-22,203501,29.6,108.9,107.7,USA,USA,3,0.3359
Tim Hardaway Jr,DAL,71,12.1,0.554,20.6,0.051,-1.8,0.1,2022-23,203501,30.3,117.9,114.5,USA,USA,3,0.4571
Tim Hardaway Jr,DAL,79,12.1,0.542,22.6,0.05,-2.9,-0.5,2023-24,203501,26.8,115.7,115.8,USA,USA,3,0.4587
Tobias Harris,PHI,73,15.9,0.566,21.7,0.105,0.0,1.3,2021-22,202699,34.8,113.2,110.0,USA,USA,3,0.4265
Tobias Harris,PHI,74,14.8,0.602,18.2,0.116,0.7,1.7,2022-23,202699,32.9,117.2,111.7,USA,USA,3,0.4744
Tobias Harris,PHI,70,16.5,0.576,20.7,0.121,0.9,1.7,2023-24,202699,33.8,117.0,112.4,USA,USA,3,0.4893
Torrey Craig,PHX,78,11.0,0.556,14.3,0.07,-1.8,0.1,2021-22,1628470,20.5,106.8,111.8,USA,USA,3,0.3512
Torrey Craig,PHX,79,11.6,0.566,13.0,0.098,-0.6,0.7,2022-23,1628470,24.7,111.9,115.5,USA,USA,3,0.4427
Torrey Craig,CHI,53,10.8,0.568,12.5,0.087,-2.0,0.0,2023-24,1628470,19.8,111.2,118.4,USA,USA,3,0.4618
Trae Young,ATL,76,25.4,0.603,34.4,0.181,5.2,4.8,2021-22,1629027,34.9,117.2,114.9,USA,USA,3,0.6653
Trae Young,ATL,73,22.0,0.573,32.6,0.126,3.3,3.4,2022-23,1629027,34.8,115.9,114.6,USA,USA,3,0.5937
Trae Young,ATL,54,20.3,0.585,30.5,0.114,2.6,2.2,2023-24,1629027,36.0,116.6,119.1,USA,USA,3,0.6353
Tre Jones,SAS,69,15.0,0.545,15.6,0.121,-0.5,0.4,2021-22,1630200,16.6,108.8,109.3,USA,USA,3,0.3618
Tre Jones,SAS,68,16.0,0.534,19.3,0.082,-1.0,0.5,2022-23,1630200,29.2,110.9,118.8,USA,USA,3,0.4982
Tre Jones,SAS,77,14.7,0.591,15.2,0.111,-0.4,0.9,2023-24,1630200,27.8,110.9,111.8,USA,USA,3,0.4208
Tre Mann,OKC,60,10.2,0.501,22.0,0.002,-4.4,-0.8,2021-22,1630544,22.8,101.7,112.0,USA,USA,3,0.2976
Tre Mann,OKC,67,10.0,0.492,20.7,0.021,-3.9,-0.6,2022-23,1630544,17.7,109.3,108.2,USA,USA,3,0.2814
Tre Mann,CHA,41,13.7,0.559,18.2,0.058,-1.3,0.2,2023-24,1630544,24.1,107.2,114.1,USA,USA,3,0.406
Trendon Watford,POR,48,15.8,0.59,17.6,0.104,-1.7,0.1,2021-22,1630570,18.1,100.5,118.4,USA,USA,2,0.4616
Trendon Watford,POR,62,13.6,0.625,16.1,0.084,-1.8,0.1,2022-23,1630570,19.1,110.8,117.9,USA,USA,2,0.4964
Trey Lyles,SAC,75,16.4,0.588,20.7,0.111,-0.3,0.7,2021-22,1626168,20.5,106.4,113.6,Canada,International,3,0.4472
Trey Lyles,SAC,74,14.2,0.607,18.1,0.098,-1.0,0.3,2022-23,1626168,16.9,116.3,112.3,Canada,International,3,0.4566
Trey Lyles,SAC,58,11.9,0.596,14.4,0.098,-1.1,0.3,2023-24,1626168,20.0,117.9,110.2,Canada,International,3,0.411
Trey Murphy III,NOP,79,15.2,0.65,16.6,0.15,1.8,2.3,2022-23,1630530,31.0,113.3,112.8,USA,USA,2,0.504
Trey Murphy III,NOP,57,16.3,0.612,18.6,0.154,2.5,1.9,2023-24,1630530,29.7,115.2,108.2,USA,USA,2,0.4478
Troy Brown Jr,CHI,66,10.1,0.525,12.3,0.065,-1.8,0.1,2021-22,1628972,16.0,109.3,111.7,USA,USA,2,0.3382
Troy Brown Jr,LAL,76,9.6,0.561,12.1,0.075,-1.0,0.5,2022-23,1628972,24.5,112.0,112.5,USA,USA,2,0.3816
Ty Jerome,OKC,48,11.3,0.488,20.8,0.032,-2.3,-0.1,2021-22,1629660,16.7,98.9,100.4,USA,USA,2,0.1444
Ty Jerome,GSW,45,12.8,0.594,14.9,0.124,-0.8,0.3,2022-23,1629660,18.1,110.7,116.3,USA,USA,2,0.4737
Tyler Herro,MIA,66,16.2,0.561,28.8,0.084,0.7,1.5,2021-22,1629639,32.6,113.4,108.1,USA,USA,3,0.4235
Tyler Herro,MIA,67,15.3,0.566,25.6,0.072,0.6,1.6,2022-23,1629639,34.9,113.9,111.3,USA,USA,3,0.4534
Tyler Herro,MIA,42,15.7,0.558,27.8,0.068,0.8,1.0,2023-24,1629639,33.5,112.1,111.1,USA,USA,3,0.444
Tyrese Haliburton,IND,77,18.2,0.595,19.0,0.125,2.6,3.1,2021-22,1630169,35.0,110.0,115.9,USA,USA,3,0.5281
Tyrese Haliburton,IND,56,23.6,0.624,23.8,0.195,7.2,4.4,2022-23,1630169,33.6,116.9,117.9,USA,USA,3,0.6789
Tyrese Haliburton,IND,69,23.3,0.605,24.6,0.195,6.9,5.0,2023-24,1630169,32.2,122.4,116.2,USA,USA,3,0.6785
Tyrese Maxey,PHI,75,16.2,0.594,20.2,0.132,0.6,1.8,2021-22,1630178,35.3,113.3,109.7,USA,USA,3,0.4431
Tyrese Maxey,PHI,60,17.0,0.605,24.1,0.128,0.6,1.3,2022-23,1630178,33.6,118.0,112.6,USA,USA,3,0.5195
Tyrese Maxey,PHI,70,19.8,0.573,28.0,0.147,3.1,3.4,2023-24,1630178,37.5,118.3,113.2,USA,USA,3,0.5686
Tyus Jones,MEM,73,16.5,0.544,16.6,0.158,1.7,1.4,2021-22,1626145,21.2,113.0,105.5,USA,USA,3,0.3639
Tyus Jones,MEM,80,16.0,0.546,17.7,0.141,1.6,1.7,2022-23,1626145,24.2,113.6,111.6,USA,USA,3,0.4485
Tyus Jones,WAS,66,16.5,0.578,16.3,0.113,0.7,1.3,2023-24,1626145,29.3,110.6,122.5,USA,USA,3,0.5759
Walker Kessler,UTA,74,21.5,0.702,13.3,0.2,2.9,2.1,2022-23,1631117,23.0,115.7,112.7,USA,USA,2,0.5587
Walker Kessler,UTA,64,18.0,0.663,12.8,0.131,0.9,1.1,2023-24,1631117,23.3,111.4,116.0,USA,USA,2,0.5209
Wendell Carter Jr,ORL,62,18.4,0.601,20.9,0.129,1.6,1.7,2021-22,1628976,29.9,105.1,108.8,USA,USA,3,0.4076
Wendell Carter Jr,ORL,57,17.3,0.621,20.5,0.13,1.0,1.3,2022-23,1628976,29.6,110.5,111.4,USA,USA,3,0.4655
Wendell Carter Jr,ORL,55,15.9,0.623,17.2,0.149,0.9,1.0,2023-24,1628976,25.6,110.8,109.6,USA,USA,3,0.431
Wesley Matthews,MIL,49,6.9,0.536,10.7,0.056,-3.3,-0.3,2021-22,202083,20.5,114.4,107.7,USA,USA,2,0.285
Wesley Matthews,MIL,52,7.0,0.519,9.8,0.073,-2.7,-0.1,2022-23,202083,15.8,111.1,108.3,USA,USA,2,0.2777
Will Barton,DEN,71,13.4,0.548,20.8,0.067,-0.5,0.9,2021-22,203115,32.1,112.5,110.4,USA,USA,2,0.3948
Will Barton,TOR,56,10.0,0.493,18.9,0.021,-2.6,-0.2,2022-23,203115,17.7,104.9,113.2,USA,USA,2,0.3307
Xavier Tillman Sr,MEM,61,17.3,0.621,13.7,0.171,1.9,1.2,2022-23,1630214,19.3,110.9,110.1,USA,USA,2,0.4412
Xavier Tillman Sr,BOS,54,12.2,0.472,14.8,0.071,-1.2,0.2,2023-24,1630214,18.0,106.6,109.4,USA,USA,2,0.2947
Zach Collins,SAS,63,16.4,0.599,21.2,0.074,-0.2,0.6,2022-23,1628380,22.9,108.7,116.3,USA,USA,2,0.4882
Zach Collins,SAS,69,14.3,0.565,22.7,0.057,-2.0,0.0,2023-24,1628380,22.1,105.0,116.3,USA,USA,2,0.4414
Zach LaVine,CHI,67,20.0,0.605,28.8,0.12,2.4,2.6,2021-22,203897,34.7,112.5,113.4,USA,USA,2,0.544
Zach LaVine,CHI,77,19.0,0.607,28.3,0.123,1.9,2.7,2022-23,203897,35.9,112.0,111.7,USA,USA,2,0.5145
Ziaire Williams,MEM,62,9.7,0.559,14.9,0.08,-3.0,-0.3,2021-22,1630533,21.7,112.9,108.8,USA,USA,2,0.3336
Ziaire Williams,MEM,51,9.3,0.511,19.7,0.01,-4.5,-0.6,2023-24,1630533,20.3,102.5,112.4,USA,USA,2,0.3031
