player,nationality,player_origin,avg_per,avg_ts,avg_usg,avg_ws_48,avg_bpm,avg_vorp,avg_off_rating,avg_def_rating,composite_score
Aaron Gordon,USA,USA,17.09395150506641,0.6082849523073722,19.478027218970077,0.13586192909993164,0.8729400053487059,1.6077853386027992,119.89327103081449,111.0389772085698,0.4888363817869179
Aaron Holiday,USA,USA,11.9898167539267,0.5628602094240838,17.590575916230367,0.08242251308900525,-1.5890575916230365,0.15547120418848168,108.85243455497383,107.8671727748691,0.2820863505479363
Aaron Nesmith,USA,USA,11.70330526481467,0.6000064531360668,16.381459038325332,0.07606610529629339,-1.692059494766664,0.2278114425120013,116.67746911151333,116.66888329267333,0.49467510390453545
Aaron Wiggins,USA,USA,12.699957099957098,0.6091697232947234,15.383403045903044,0.09653512441012439,-1.8943800943800944,0.03557486057486056,110.99186507936508,111.26018876018877,0.3715846992314775
Al Horford,Dominican Republic,International,15.195300983884051,0.6166556934795641,12.957430264132315,0.17010427760341362,3.746186126882251,2.747827696864972,117.35466904115387,107.88244701484643,0.420557978178973
Alec Burks,USA,USA,14.166382978723403,0.5633659574468085,20.678439716312056,0.10310921985815603,0.08737588652482278,1.0373049645390071,110.27446808510638,112.21290780141842,0.41019198535792056
Alex Caruso,USA,USA,12.832444014957355,0.5842317759757993,13.171618839544557,0.10505693038107644,1.4822486450149155,1.5261774715348095,111.3658312675938,108.01392168396286,0.32445615497926383
Alperen Sengun,Turkey,International,19.558865285518984,0.5816981806709434,23.5664107687454,0.11994815438006101,2.029104006730466,2.0823535597854663,111.4089388999895,116.78548217478179,0.5584834452069971
Amir Coffey,USA,USA,11.551150430792589,0.6008976991384147,14.20626547387185,0.10054560459512099,-1.2176047271646915,0.31364011487802457,112.27327435381109,114.38064899481728,0.429972042364481
Andre Drummond,USA,USA,21.96873431337397,0.5749687343133739,20.114044460380065,0.17242183578343492,0.7187594119756184,0.9578164216565077,113.12029759770527,111.49528504840444,0.46986183470527193
Andrew Nembhard,Canada,International,10.586206896551724,0.5482917771883289,16.054907161803712,0.041625994694960214,-2.749071618037135,-0.37453580901856764,114.01352785145889,116.30610079575597,0.424228001926357
Andrew Wiggins,Canada,International,13.96151400240243,0.55277574958193,22.106665567515368,0.08919695221047176,-0.9093953882751962,0.6324233930800573,112.8706079091787,110.32152059731021,0.3798687677409576
Anfernee Simons,USA,USA,15.275052908592356,0.5778331769079298,25.851671911518437,0.05838637074660925,-0.5976499383499881,0.5873626676972341,111.76291613758075,116.23135317175509,0.49954919734676506
Anthony Davis,USA,USA,26.627466318991743,0.6234823989569752,27.403346371142977,0.21661973055193395,5.596479791395046,4.527640156453716,115.58978704910908,112.13820078226858,0.6241797738188521
Anthony Edwards,USA,USA,17.915082989862984,0.5665561991756712,29.65697894619584,0.09274746574579483,1.8503397571571798,2.6186587946975606,114.73024395677845,110.33687200623818,0.4680281966660882
Austin Reaves,USA,USA,14.351268122092828,0.6330317794452177,17.119135571928158,0.11599606152174649,-0.05869690693647506,1.0904423997555428,113.93738498624928,112.41855159066986,0.45501382905344806
Austin Rivers,USA,USA,7.281292339760292,0.5533163105784263,11.746430432516936,0.04675508077123502,-3.3935383011985416,-0.49676915059927046,111.69932256383534,112.6039082855654,0.3156124340691101
Ayo Dosunmu,USA,USA,11.631564184872378,0.5892852557110356,15.429628821641165,0.07523928693863559,-1.7497553526350236,0.17591547978932276,109.86358026615139,113.06925234518651,0.379729072898278
Bam Adebayo,USA,USA,20.448128639569255,0.5906225382612004,25.04061686126474,0.15309510432212567,2.432238902057179,2.5481257132824155,112.00242296549908,108.8461124279402,0.4486737578641599
Bennedict Mathurin,Canada,International,13.059076775890935,0.5643630710356373,24.108921310691223,0.040864625687634534,-3.5772303276728055,-0.8363071035637407,112.93231284381727,116.65938770629036,0.4648273119601526
Bobby Portis,USA,USA,17.662487626719457,0.575671126736526,21.972833395910843,0.1269704065262655,0.012438133597296633,0.9596272655903335,114.21066662115575,112.15865105642217,0.4623134466641984
Bogdan Bogdanovic,Serbia,International,14.793642793833962,0.5712055403972819,21.420865122260647,0.08648923376375105,0.6314262873429382,1.3011643871326533,116.65806989798577,114.10727828852468,0.4885733698959569
Bojan Bogdanovic,Croatia,International,15.453394035221633,0.6038081347800011,24.698718717627173,0.08582465514421242,-0.5832179270486887,0.8008014830161932,112.82308489177252,116.84426149064934,0.5353694564524356
Bones Hyland,USA,USA,14.62657879369317,0.5475773754901143,25.70326186702261,0.0762179027279553,-0.5812630349545341,0.409368482522733,113.08278968882958,114.55489280053393,0.4673373223459708
Bradley Beal,USA,USA,17.955571382889037,0.6001829413645745,25.865062937876104,0.10310453792261405,1.081705863542545,1.3434663798366233,116.39477310386931,114.51471845111777,0.5433064166643494
Brandon Clarke,Canada,International,21.973333333333333,0.6702666666666667,17.7,0.2214,3.4066666666666667,1.6733333333333336,111.24000000000001,106.91333333333334,0.4404516315027034
Brandon Ingram,USA,USA,18.648627280310446,0.5709779131759329,28.91678816233272,0.10838450658252637,1.6108185543829108,1.712004497153012,114.97052551408986,111.48697276321037,0.48973432644085746
Brook Lopez,USA,USA,16.585579517643858,0.6189118748300458,17.636781224506873,0.13882374966009162,1.5455937415022905,2.1471960173196396,115.41361934444747,109.27123015457987,0.43337233294090444
Bruce Brown,USA,USA,13.273725861544184,0.5696783455646115,16.55194629510636,0.0919014508437891,-1.0224796239304677,0.5174135073894959,113.73796881869526,115.3461463018702,0.45742900839915746
Buddy Hield,Bahamas,International,13.890176068184365,0.5800236626668162,20.87536166872266,0.06544246944039474,0.36191544241336765,1.402635415498486,114.10738477066276,115.69875518672197,0.4923804068440792
Cade Cunningham,USA,USA,15.095484459816499,0.5249525868280733,29.146274679348615,0.01494129797761445,-0.6521448815871644,0.6988711149541241,108.3966133448624,115.44469424028439,0.4407342406185138
Caleb Martin,USA,USA,12.094990303193226,0.5680844294245281,15.877762629850805,0.09324860308377657,-0.8625664855315963,0.4499932794408496,111.76466714030607,109.64745290808196,0.33624571585019836
Cam Reddish,USA,USA,10.288665365560727,0.5237956763248762,17.522023720162135,0.03812130310764149,-2.2355952559675725,-0.046209277886203264,106.40072061252064,112.75379072211379,0.31307622475447217
Cam Thomas,Japan,International,14.548434894468532,0.5470984325122683,27.531773786269,0.04894863976368574,-2.156105579112869,0.04003049216256133,110.17451522225927,114.9001524608128,0.4438036674217566
Cameron Johnson,USA,USA,15.456382415254236,0.6076880296610169,19.063691737288135,0.13250476694915253,1.8609375,1.525820974576271,112.24022775423727,109.32571504237288,0.40765560217614183
Cameron Payne,USA,USA,13.268925088777408,0.527508821374218,22.63551659996618,0.07340854517783664,-0.7317456738628038,0.4165210529282453,112.03305337917818,108.93212333013923,0.33257787443407305
Caris LeVert,USA,USA,13.926013592688074,0.5325282734607787,22.139515886035692,0.08197472295691186,-0.3669356188690616,0.8539422143359338,113.20562790853396,111.17355452141017,0.39008269160169634
Cedi Osman,Turkey,International,12.206486486486488,0.5800625482625483,18.270579150579152,0.09043938223938225,-0.807953667953668,0.45413127413127413,109.91629343629346,111.73065637065639,0.3772939847053207
Chimezie Metu,USA,USA,13.359865092748736,0.5716863406408095,17.57689713322091,0.06763912310286678,-1.4197301854974704,0.2,105.85919055649241,111.88026981450253,0.34036071829791087
Chris Boucher,Saint Lucia,International,17.94738154613466,0.5794763092269327,17.894763092269326,0.16284039900249378,0.00523690773067332,0.8052369077306732,110.71571072319202,108.49551122194514,0.3734423835109747
Chris Duarte,Dominican Republic,International,10.93812064013131,0.5219089043906443,20.32704144439885,0.01722158391464916,-3.1097661058678705,-0.28403775133360687,108.26253590480098,111.87164546573656,0.3077552874552015
Chris Paul,USA,USA,18.066293610666282,0.5619737121471112,18.400555985389637,0.1712680065494719,3.4403980063695414,2.7190096622703637,114.83873544811703,109.39326519963294,0.4408645877615972
Christian Braun,USA,USA,11.351905165114312,0.5598185153824443,14.577857747671466,0.09127222692633363,-2.1078041208015805,-0.041560824160316125,108.75317527519053,110.13121648320633,0.3063812318929574
Christian Wood,USA,USA,18.39505074792008,0.6007096623188714,23.389458901632022,0.11049905313105093,0.8224035576738943,1.4004808817584102,110.46016979807223,114.995550779837,0.5103304182864462
CJ McCollum,USA,USA,17.147411126616692,0.5605385633515084,26.211647412565274,0.09569244270526119,1.8536160784934324,2.241167330849242,114.19399646088993,113.25067113611186,0.49676915487394013
Clint Capela,Switzerland,International,21.380887034024195,0.6152365424064512,16.160663507109007,0.18551043361392092,1.428333451227276,1.6419042229610241,115.83614628280398,115.01389262219708,0.5608841011648426
Coby White,USA,USA,13.443131614912755,0.5689508629183485,20.60604360677621,0.07754421066014047,-1.100734195721959,0.5500031783364586,114.00504560912817,113.64498935257285,0.43971588232303327
Cole Anthony,USA,USA,14.583247066624914,0.54228803256645,23.601619112527402,0.07971143325535561,-0.049910663301958015,0.8581480594595591,109.92390539519977,111.13311168008252,0.3826069939387189
Collin Sexton,USA,USA,18.47579143389199,0.610204469273743,26.040186219739297,0.11916685288640597,0.7606331471135941,1.3591061452513966,116.78636871508381,118.9401862197393,0.636887510600804
Corey Kispert,USA,USA,11.768812080536913,0.6227221812080538,16.155855704697984,0.06598513422818791,-1.9496375838926174,0.005412751677852361,111.30004697986578,116.09972147651006,0.4547274620185451
Cory Joseph,Canada,International,11.70401188707281,0.5698796433878157,14.690872426236467,0.07282848652090851,-1.8394183825090213,0.08686053916365952,107.21093186160051,112.61203566121843,0.34297676290992496
Damian Lillard,USA,USA,22.792520769707195,0.6147307946949149,30.82811438822801,0.1708783503833586,4.348254063174081,3.6892317877965954,119.44496508126348,114.64825406317411,0.6619968195751089
Damion Lee,USA,USA,10.79073933340571,0.5861299533166866,16.073151666485725,0.09052763000759961,-1.8361090001085658,0.05463033329714473,109.73704266637716,106.93704266637717,0.2713133695566039
DAngelo Russell,USA,USA,16.19141592147039,0.5804257231073956,23.533351781189012,0.10195643878710203,1.0714412629984562,1.746418688648743,114.92143398095016,112.05693542279572,0.46911407362130797
Daniel Gafford,USA,USA,21.069451407437846,0.7268020957468667,15.459769878775425,0.19598557633038832,1.7744236696116706,1.5649928087117322,111.59773577152248,115.29008424080544,0.587908759217054
Daniel Theis,Germany,International,13.810966057441252,0.5960182767624022,15.792689295039164,0.10623759791122714,-1.8454308093994778,0.050913838120104436,110.10234986945169,110.84386422976503,0.3625664157604829
Darius Garland,USA,USA,17.6669987601842,0.575494465108041,26.77422954303932,0.11706646298264257,1.5191374424371236,2.1194916755224935,114.76506376195536,108.84761778250088,0.43650085793316445
David Roddy,USA,USA,8.75171352349682,0.5020997332238867,17.376010671044533,0.02416827416375949,-4.431151241534988,-0.7448594295095424,107.55795198029962,113.031151241535,0.2907890031577242
Davion Mitchell,USA,USA,10.004771887359253,0.5222375786129542,17.20886516392557,0.03104037085863716,-3.391830736314322,-0.5931987638045427,109.14766268288993,111.64693004257525,0.2950051917797888
DeAaron Fox,USA,USA,19.89402995471961,0.5726473423894113,30.142945315221176,0.10973124346917451,1.6744966910484154,2.3047230929989553,116.4152434691745,115.04736886102403,0.5773926539676981
Dean Wade,USA,USA,9.657488084849296,0.5790087937168557,10.607256494596227,0.1064313620191985,-0.36989326710075854,0.4443310733704772,109.23565147345103,103.50865946163657,0.19233578004410262
Deandre Ayton,Bahamas,International,20.19657492133531,0.619399544287316,21.85582118702304,0.15111479619516077,1.2945350645592968,1.5245216825201633,112.31078158342073,112.1749538862165,0.49571677106900514
DeAndre Hunter,USA,USA,11.610745060169366,0.5682996582974298,20.039702495914426,0.051815276333382856,-3.1949431733769122,-0.5731967761105333,115.37409003119893,115.78015153766158,0.45126307847499236
DeAnthony Melton,USA,USA,13.788650338991959,0.549887974982919,18.53375466442424,0.1002255216271614,1.3354601355967834,1.6,113.97588952541126,110.01305513218058,0.3850563900730448
Dejounte Murray,USA,USA,18.847275833057132,0.5432129362873825,26.055747903016087,0.1036078831297963,2.5757820666445705,2.971302552074038,114.76510210845677,115.52807536394462,0.5502461660966753
Delon Wright,USA,USA,14.648907223733872,0.5623586997864185,11.771225021211857,0.12731639310687848,2.237250943561836,1.3966997279030984,112.29681968460164,109.7451241990696,0.36294090089174647
DeMar DeRozan,USA,USA,21.096089717670008,0.5885063387484243,28.394867159812577,0.15119546654615512,2.092115215374736,2.8341697785600464,112.95533382489357,112.50920248317202,0.5353921514699292
Deni Avdija,Israel,International,12.660287379260796,0.557662952023629,17.834747345733216,0.06031317953221043,-1.6053181128761873,0.21565897661052127,110.7035219924962,113.58960645006785,0.3895344413209416
Dennis Schroder,Germany,International,12.64611655100295,0.5452248629464145,20.434268149697374,0.06835719491713409,-2.175343030072567,-0.08648477358430778,111.69656811483982,112.21003897708907,0.3744102187997097
Dennis Smith Jr,USA,USA,12.378807947019867,0.4892781456953642,17.64326710816777,0.05673951434878587,-1.5942604856512144,0.07306843267108165,106.32582781456954,107.8008830022075,0.22667353068047205
Derrick Jones Jr,USA,USA,12.134818899985095,0.6057135191533761,14.097257415412134,0.095041138768818,-1.2993143538530334,0.2,113.59862870770608,111.56415263079445,0.3871491443954507
Derrick White,USA,USA,15.726360196581565,0.5888933878426768,18.71136867742356,0.14616632598327026,2.405142144710709,2.5919279780802853,117.45084590962465,107.87664941503937,0.41908436358097056
Desmond Bane,USA,USA,18.331448037201255,0.5958581882412314,25.500367686817345,0.1390563786453264,2.9911502829746586,2.3733138675606504,113.57070040733932,109.6465520348942,0.4655423978542324
Devin Booker,USA,USA,21.71529014152509,0.5958444431032922,31.13208606173994,0.1655105163100878,3.7213796433205584,3.2216451914662483,118.78126678535864,111.56092821147288,0.5842021790041185
Devin Vassell,USA,USA,14.589518034900095,0.5604173688859182,21.371576233558518,0.07931350409395813,-0.23135040939581292,0.9149196724833497,109.74929221073738,112.56411639731684,0.40526054164496794
Devonte Graham,USA,USA,12.252923332284004,0.5285277165669805,18.582460006295968,0.07308694159059038,-0.6559225023609879,0.5382308330710014,109.90899751023095,112.09400165984603,0.3586564896630703
Dillon Brooks,Canada,International,9.399999999999999,0.521579958076949,19.693894110487523,0.046034890797214144,-3.749563865034823,-0.9997092433565488,113.50029075664345,111.057414294408,0.31934201645577026
Domantas Sabonis,Lithuania,International,22.949458530075958,0.6478724337918291,21.911714740299733,0.19839881441182508,5.59770837610347,5.098439745432149,115.86960839663313,114.36548963251897,0.6389848866854861
Donovan Mitchell,USA,USA,22.22276485204427,0.5941217227618403,32.168162035991266,0.16284498155259391,5.471756644830961,4.200950229651381,116.62638807318724,110.31706648595738,0.567631174569854
Donte DiVincenzo,USA,USA,13.94892377961747,0.5789383385669427,18.607176705680846,0.10544544675992008,1.3380759349129319,1.8848644019411933,114.32756494433342,112.32953468455611,0.4458453059428816
Dorian FinneySmith,USA,USA,10.78873753344685,0.5622631963026028,13.44081731938701,0.08320578934565799,-0.8761858428606177,0.7625881780588665,113.44028216978838,112.41172464120653,0.3778875571237699
Doug McDermott,USA,USA,11.296529968454259,0.5914479495268138,18.765615141955834,0.04803154574132493,-2.862145110410095,-0.255205047318612,110.43753943217665,116.32460567823344,0.4374411734216687
Draymond Green,USA,USA,13.414964644294253,0.5879474743133961,14.097056295659648,0.1118100558659218,1.889065124819315,1.6519357737234834,114.41530257452045,107.97477634097746,0.3542241062729955
Drew Eubanks,USA,USA,16.23265847493681,0.6511447733927277,14.259678670637403,0.1312922245301434,-0.7470557321254285,0.43775369753997856,108.5454966340499,115.3214269626367,0.4754171447045318
Duncan Robinson,USA,USA,10.840953674362456,0.5832163875056587,18.263271465218047,0.08312599969820432,-1.3764599366229064,0.48077561490870674,110.61391278104725,110.04842311754943,0.34292754898302136
Dwight Powell,Canada,International,16.934433179723502,0.7308278341013824,13.372387096774192,0.19613695852534563,-0.041419354838709656,0.851705069124424,115.97942857142858,111.76556682027649,0.5171443496534394
Dyson Daniels,Australia,International,10.61026366131581,0.517708392248191,12.16570739416119,0.08475971055477002,-0.4423022540131415,0.509136654745072,111.5690884138734,109.52853697080596,0.29106012584772445
Eric Gordon,USA,USA,11.548621313551658,0.5927644110729147,17.597097883119236,0.05355947168445811,-1.9524624570291298,0.039565768047765515,111.70580785236113,114.1173946082866,0.40970772143128686
Evan Mobley,USA,USA,17.7735584668227,0.5842517097784128,20.36390163834767,0.14075245448189916,1.5891425271284843,2.0060336180431015,112.01898233988877,108.47599623088847,0.399474625285727
Franz Wagner,Germany,International,16.044798122957157,0.5746890401855343,23.44165570368763,0.10257696011283958,0.1152116420056149,1.325951744808973,109.90461123241968,109.72726458980377,0.38718981740650305
Fred VanVleet,USA,USA,16.99129546223738,0.5536394782744527,22.13641795319049,0.13500708130483455,3.1674663507849314,3.3371898674858764,114.3248249199448,111.00146182083257,0.46498307653010396
Gabe Vincent,USA,USA,9.759432048681541,0.5415436105476673,17.64239350912779,0.05603651115618661,-2.450709939148073,-0.22028397565922916,110.09817444219068,108.99452332657202,0.27776878859955223
Garrison Mathews,USA,USA,10.229857380996481,0.6251042785701056,13.189775884423042,0.07763326541952215,-2.5567142063345067,-0.13667345804778663,111.10340803852566,116.24328579366549,0.4407309497016312
Gary Harris,USA,USA,10.326141433317513,0.5897067869008068,13.885410536307544,0.08184148077835786,-1.5526530612244895,0.12258186995728523,109.56679639297579,111.76519221642144,0.3469580298497127
Gary Payton II,USA,USA,16.423006833712986,0.6585216400911162,14.052847380410023,0.17287243735763097,2.711389521640091,1.341002277904328,112.04760820045558,104.63029612756264,0.34268645090261124
Gary Trent Jr,USA,USA,13.976141505553269,0.5511267730091259,21.220595091183323,0.08614062190532779,-0.6510870393223334,0.781387022563493,113.0120739826622,113.7936682054329,0.44018145235357975
George Hill,USA,USA,10.359700776829385,0.5751566126402609,11.540299223170614,0.09498503884146925,-1.5600748057926537,0.1,111.02276781432819,103.23543684664811,0.19065967073377582
Georges Niang,USA,USA,10.471363260158435,0.5948072754502817,17.147913136010718,0.07261372324912307,-2.111248177196232,-0.08449927087849289,112.63830843810351,111.39188507468569,0.3670951638080844
Giannis Antetokounmpo,Greece,International,30.34574762367205,0.6307177246108119,35.3421191253936,0.24485434507518905,9.56477296136076,6.729254583443688,117.52334687030988,110.29072864247668,0.6932130691362964
Gordon Hayward,USA,USA,13.871906446092412,0.5612374671990873,19.79535196805476,0.06870277239018824,-1.349095265259555,0.25021106674272675,110.24254877353108,113.23920136908156,0.39841068457699735
Grant Williams,USA,USA,10.6848271076674,0.6083352607840871,13.929189314213021,0.09624979761767086,-1.4100728576384876,0.31186538683936627,112.7136232219267,111.36151266335145,0.3747376315117321
Grayson Allen,USA,USA,13.01407644223887,0.6379153027628001,14.731989311447247,0.12287102161568927,0.6655294173784415,1.4282864913871258,115.53688027866583,110.55967457174214,0.426895510609853
Hamidou Diallo,USA,USA,15.699999999999998,0.5638644022937803,21.8,0.07196479929422143,-0.8957300397000441,0.32411998235553596,105.65026025584473,110.17235994706661,0.3346959260788066
Harrison Barnes,USA,USA,13.956874000681502,0.622403554297397,17.240106419228855,0.10848580640088071,-0.8424366333778932,0.7503577887866635,114.77049094388089,115.86443867788525,0.5084330151657128
Haywood Highsmith,USA,USA,10.01916859122402,0.5579006928406467,12.441570438799078,0.08222632794457276,-1.6976905311778292,0.16743648960739033,107.89676674364895,109.41570438799077,0.27435560251004687
Herbert Jones,USA,USA,12.556743087313365,0.5933386535025288,14.077067748871862,0.11065198824918986,-0.05472303825070412,1.116124049789515,114.73922892879855,110.9541354977437,0.39677254768343895
Immanuel Quickley,USA,USA,15.929779873700697,0.5673855392196856,22.221831503026934,0.12281557691366285,1.1293784573209533,1.6469836659432469,113.09095670903838,109.10618768663413,0.40066854413972974
Isaac Okoro,USA,USA,10.831185076412682,0.5998893964938996,12.762747230833376,0.10970508148873297,-1.0765341455013506,0.3818349921139935,113.26690052754664,109.68839397400338,0.3469383418750865
Isaiah Hartenstein,Germany,International,18.07915516696513,0.6330509638681133,13.366194037711999,0.1834431265142737,2.4500389760876438,1.792933740651006,116.23757505530389,108.90648056462656,0.4428328528504687
Isaiah Joe,USA,USA,13.940559687026399,0.626,17.1405596870264,0.12337126845945089,0.9,1.0,116.9439925281077,109.80966411729462,0.4277761976631162
Isaiah Stewart,USA,USA,12.901744735711217,0.5683111302105716,15.390365277180921,0.07331757627847015,-2.6297378599054575,-0.2648689299527288,106.86714224323163,114.29238504512247,0.37167444835030355
Ish Smith,USA,USA,10.238468966257175,0.4530972050855641,17.005273322246662,0.003955528136902525,-4.44736333887667,-0.47773188133683814,104.95749691540155,115.94250308459846,0.3052143007862238
Ivica Zubac,Croatia,International,18.299752390123118,0.6637680033014651,15.931632161771788,0.17130359722126692,0.134954260953298,1.0392874337987483,112.82000137561042,112.70867322374306,0.4954015827604768
Ja Morant,USA,USA,23.84150446172311,0.5658609821009236,34.30926785993843,0.15932236601784688,5.896910713353859,3.8492276783384645,115.55386160830767,109.82914731513856,0.55276503787669
Jabari Smith Jr,USA,USA,12.493437846267495,0.5423561373989413,18.00201912422539,0.07381323100915173,-2.0583288874297208,-0.055300201091640334,110.49293306521116,117.11665777485946,0.4470028682162388
Jaden Ivey,USA,USA,12.24721841115291,0.531925824297411,25.154635981411815,0.00439800840894003,-3.201854392564727,-0.6509271962823634,108.47403850409383,118.92225271077673,0.45679002276641356
Jaden McDaniels,USA,USA,10.650535900597555,0.5811470169780898,15.624015934743433,0.07739552309589302,-2.1506402352271654,-0.022830313952385484,112.74307123209715,110.54453191691171,0.3431264296441552
Jae Crowder,USA,USA,10.387467491852389,0.5429011093919742,13.421312176976002,0.0928900154722323,-0.30682095006090127,0.8536228067287752,114.65515686209962,109.32199690555356,0.32659462245158594
JaeSean Tate,USA,USA,12.629129886506936,0.5573089533417402,16.960025220680958,0.07467591424968474,-1.9670870113493064,0.03316519546027742,106.90403530895334,111.12559899117278,0.32117702300535744
Jakob Poeltl,Austria,International,20.391076923076923,0.6312261538461539,17.73023076923077,0.15378,1.4816153846153846,1.5703076923076924,113.76646153846153,113.76684615384615,0.5237896098111443
Jalen Brunson,USA,USA,20.63145727061724,0.590586278340917,27.34296148651307,0.1726462056937542,3.5877378407794485,3.6503901178877247,118.13036362921098,112.94693347670439,0.5892949268858535
Jalen Duren,USA,USA,18.021711099494688,0.653968984143579,16.46513329848406,0.12951550792821048,-0.43914445025265725,0.7062031712841959,108.67016030667364,116.61240634256839,0.5180623849153715
Jalen Green,USA,USA,13.988171867119235,0.5416851511062039,26.57003094371516,0.03625985904933273,-1.7661350345560873,0.20866560340244555,110.51886885044782,116.89991548412603,0.4720877267518816
Jalen McDaniels,USA,USA,12.08728858821435,0.5691299626134948,16.593501869325266,0.07598023856150972,-2.1638419084920777,-0.1,110.88305145095246,112.36779419619015,0.36754511860886174
Jalen Smith,USA,USA,18.159178023195008,0.6112821546128526,20.28480327314117,0.13334601778078567,-0.1932229981234813,0.47250438367120934,114.18474790045224,114.66129449041746,0.5148035502914261
Jalen Suggs,USA,USA,12.095323528769038,0.5399187080701907,21.4610323200979,0.046868621752147024,-1.4273857651712152,0.4030571884355674,108.03297786324597,109.99850964795348,0.31163013991723626
Jalen Williams,USA,USA,17.330455192667085,0.6108883153866691,21.020403577467295,0.1377877992346712,1.2888315386669038,1.8438573462667973,114.61593619293406,110.77066165346623,0.46507316165759094
Jamal Murray,Canada,International,19.257474000751785,0.5779859666708431,26.938316000501192,0.13323205112141337,2.6040471118907402,2.312304222528505,119.73831600050119,112.45342688886105,0.5500468145240056
James Harden,USA,USA,20.303873540301907,0.6004941612076332,24.210105383081743,0.16681116491028197,4.460712047849615,3.826357163201367,118.37798348048989,113.31396183423524,0.5903595038414583
James Wiseman,USA,USA,15.154779411764707,0.6157132352941177,18.473023897058827,0.0864609375,-3.5,-0.35565257352941176,104.7556525735294,119.84085477941177,0.4995254925473251
Jaren Jackson Jr,USA,USA,18.502432244614315,0.5640687977762335,26.950938151494096,0.11858999305072966,0.9343293954134815,1.4607366226546212,112.07317581653928,108.95552466990966,0.4145379567560021
Jarred Vanderbilt,USA,USA,15.199994680002128,0.6079997872000851,12.250071819971271,0.14249944140022344,0.6500239399904241,1.300010639995744,115.09997872000851,113.35015161993937,0.46554758094011317
Jarrett Allen,USA,USA,21.484317637052502,0.6755673084357845,18.007927008428048,0.21220199489677571,3.0460589190443055,2.7481435088533215,114.30436093713755,108.9297811799273,0.49963343798375826
Jaylen Brown,USA,USA,18.868076464932045,0.5784356405803758,30.27220826934944,0.11470563584437204,1.3526815826863188,1.9290345728268201,116.82495156359879,108.97949740954951,0.4676169577064907
Jaylen Nowell,USA,USA,15.05443242515373,0.550593339018807,23.25234525786615,0.0861960590690785,-1.0581848377395753,0.1932223169801158,112.64181516226043,111.47476547421338,0.4017781470635017
Jayson Tatum,USA,USA,22.603505826585028,0.596254271183093,31.682626407268415,0.18091556389492397,5.20115050365396,4.868511751925735,118.76910675488841,108.20979903219435,0.5527702163752861
Jeff Green,USA,USA,11.745462878093495,0.6025160403299724,16.23327222731439,0.09222273143904676,-2.6077910174152157,-0.18973418881759854,110.60009165902842,112.76782768102659,0.3878818251986378
Jerami Grant,USA,USA,15.829807813088806,0.5817075026468318,24.532860193443035,0.07851556696036031,0.20951065013368741,1.0209593195398998,109.8221203366411,115.59001022843502,0.48852317868877626
Jeremiah RobinsonEarl,USA,USA,12.255911602209943,0.5354077348066298,15.057900552486187,0.0846707182320442,-1.9006629834254143,-0.014475138121546964,106.14596685082871,112.14011049723757,0.32060433765489604
Jeremy Sochan,Poland,International,11.400000000000002,0.5114028082492321,19.19929793769197,0.020017551557700748,-3.6395787626151823,-0.760070206230803,109.09824484422991,116.03817463799912,0.3758622548536001
Jimmy Butler,USA,USA,24.465218743350956,0.6225942814121345,25.350416537095537,0.24046868197515506,6.572056825807297,4.429414556703056,115.10914417584576,110.95540679880195,0.596583531313989
Joe Ingles,Australia,International,10.647167765832503,0.6138867106333001,12.07167765832505,0.10752832234167493,-0.5943355316650103,0.40566446833498954,115.53398681000992,111.29052308248261,0.3931015085099021
Joel Embiid,Cameroon,International,31.299676996944566,0.6354370144041903,37.100323003055436,0.25548869489305975,9.2,6.450161501527717,117.29450894805761,108.99612396333478,0.6811594943065896
John Collins,USA,USA,16.392234781998173,0.6073204381099487,19.19542933370779,0.11490156568138733,-0.3489082356245173,0.7545460928175245,114.29474127641649,116.64246296426316,0.5338662283202874
John Konchar,USA,USA,12.021823980560407,0.5643314602475511,10.029318854886476,0.11942311489103197,0.5593439137368061,0.8792543093628977,110.54032196825878,108.73057939099401,0.30553941695391734
Jonas Valanciunas,Lithuania,International,20.15127519840947,0.6153840913905775,22.72967423365872,0.15810674184769322,0.9428711112559686,1.5627853918485082,113.70158890536644,112.2627788732624,0.5087254852689682
Jonathan Kuminga,DRC,International,15.389112938887415,0.598214999557796,22.34723622534713,0.10667993278500046,-1.0882860175112763,0.40121606084726275,112.58760944547625,111.21715309100558,0.4229149509074567
Jordan Clarkson,USA,USA,14.194568602150536,0.5377102107526881,26.939440860215054,0.04520435268817205,-2.0029384946236557,0.04196301075268815,115.76042494623655,113.96166193548387,0.45176819591416706
Jordan Goodwin,USA,USA,13.725026643807052,0.49191005977480184,18.130661229785456,0.07598915712895603,-0.13066122978545935,0.5556878735925118,106.36706362077753,110.72275149437004,0.30406954590264196
Jordan Nwora,USA,USA,11.053002610966058,0.5335718015665797,19.4,0.04254569190600522,-3.0973890339425587,-0.29921671018276763,108.24673629242821,114.856135770235,0.3724036013783314
Jordan Poole,USA,USA,14.254406162702107,0.566467197155676,27.24313891475493,0.05809117074409549,-1.6296199102683484,0.18406839922119697,110.49260983662067,112.32400744942014,0.4117412554469049
Jose Alvarado,USA,USA,13.232689459587208,0.5285601071372302,18.621414841657476,0.0904778320466362,-0.030502599653379543,0.4959602962029305,113.78838191271467,106.41763352765085,0.2913309284688774
Josh Giddey,Australia,International,15.870246681816685,0.5222232322234298,23.431735994466948,0.06805612093666633,0.7109672957217666,1.4747785133221354,111.38200770674833,111.88482692751046,0.40327411042358946
Josh Green,Australia,International,10.899094313759084,0.606972658066727,13.869539568697524,0.0853201233691528,-2.154617775928328,-0.10973245538883314,113.83289109734903,112.72223337331407,0.39554196784574513
Josh Hart,USA,USA,13.720765137350783,0.5799960304904358,14.497261613691933,0.11073838630806845,0.54981159211851,1.5154379404573566,115.70768301452611,112.29426146986913,0.43215844921462754
Josh Okogie,Nigeria,International,12.76058091286307,0.5397136929460582,15.74979253112033,0.10224481327800829,-0.32448132780082983,0.51701244813278,112.85850622406639,109.45228215767634,0.3352308793278469
Josh Richardson,USA,USA,12.254765453126106,0.5664958484138812,17.602630520663304,0.08418633643223807,-0.7343079507013932,0.5009131123885222,109.9533177205308,111.43215764199368,0.36221746319174036
Jrue Holiday,USA,USA,17.765662913240224,0.5920624050994482,21.542795074943246,0.1435591202249049,2.7928950493858715,2.6970413578483696,118.62254461265543,109.51723168513313,0.47664001023926805
Julius Randle,USA,USA,18.27622655174911,0.5516618381980154,29.299823278047366,0.10460210038386325,2.097299920330267,2.5107047149996378,114.75898167596145,113.62357934381109,0.5258333394878166
Justin Holiday,USA,USA,8.757173850159097,0.530448799537171,15.364550188024298,0.026596326294474976,-2.6354498119757013,-0.15122938964420016,107.77541220711598,113.89999999999999,0.32409466899836703
Jusuf Nurkic,Bosnia and Herzegovina,International,18.18583088992788,0.5757300103019257,21.336151834535226,0.11448442824312548,0.5736191457326254,1.1325144623187258,115.55472699896981,111.7528409541168,0.46100166732991
KarlAnthony Towns,USA,USA,21.71556453044559,0.6332515977276763,27.620042606071365,0.1760554322740991,3.8752662879460327,3.455223681874667,116.63006390910705,110.47526628794604,0.5591598170826451
Kawhi Leonard,USA,USA,23.499794097460537,0.6247151681537406,26.71413864104324,0.1882827728208648,5.756966369251887,4.014550446122169,118.82889498970489,111.52827728208648,0.6063473593238631
Keegan Murray,USA,USA,12.82043772127454,0.5824277438043128,16.997006758931445,0.09168393949147087,-0.7561313163823623,0.7999999999999999,117.44686192468619,115.17438043128418,0.48504282412220906
Keita BatesDiop,USA,USA,13.90838278623895,0.596703946549363,15.946370917541604,0.08543017803046023,-1.3932937710088393,0.2620118686973482,107.66368842594513,112.47487239075403,0.3744489818803759
Keldon Johnson,USA,USA,14.918394308943089,0.5638610033259424,23.588054323725057,0.06790119179600887,-1.2897450110864743,0.42605783444198075,110.77236234294162,115.9443920916482,0.4716978944515845
Kelly Olynyk,Canada,International,15.823049894588895,0.6515382993675335,17.65769501054111,0.11880744905130007,1.0640899508081518,1.4371749824314828,114.17055516514407,117.4704848910752,0.5706281525940571
Kelly Oubre Jr,USA,USA,14.358806716684532,0.5436503036798856,23.746237942122185,0.06796763129689175,-1.6473311897106107,0.15326187924258663,111.66265809217576,113.78763844230083,0.42503280968849566
Kenrich Williams,USA,USA,13.882616699539778,0.5600715318869164,14.593662064431296,0.10854188034188035,0.12372123602892837,0.6588954635108482,107.9850624589086,105.01389875082182,0.23873595286896374
Kentavious CaldwellPope,USA,USA,11.589597230431476,0.5895342959272706,15.297970671845531,0.08189051197613216,-1.2988178670944859,0.43422837681893656,117.71275577697091,112.08369500971035,0.41415765778361757
Kevin Durant,USA,USA,23.791169421741532,0.6416242241750137,30.128501198303937,0.17296884409758495,5.802697720149941,4.354341547348368,117.24573219443249,111.39727769925643,0.6134653134179302
Kevin Huerter,USA,USA,13.252576800402888,0.585824307537351,18.335937552459292,0.08573479939566896,-0.2808057747188182,0.9074131274131274,118.39106261541045,114.67298975994628,0.4904616290073893
Kevin Love,USA,USA,17.229563854792374,0.5798271089057196,22.417106294071562,0.1443980151475581,3.01982240793941,1.7468529642204231,111.85408722904153,108.37027944633063,0.4070761554603566
Kevin Porter Jr,USA,USA,14.889267734553773,0.5484944825832697,24.20290872107806,0.045183549453343505,-0.46800406814136797,0.765997965929316,109.79217645563183,117.26690058479531,0.48328274497817847
Kevon Looney,USA,USA,16.3966730855902,0.615576965624616,11.337964518375875,0.19093534641701151,1.3085590199532922,1.4590035645511537,115.02169869299793,110.78679067480643,0.4441269753400928
Khris Middleton,USA,USA,17.649180327868855,0.5843770491803278,25.552459016393442,0.1149016393442623,1.395081967213115,1.6131147540983606,116.22950819672131,111.64918032786885,0.4894287156311655
Killian Hayes,France,International,9.954075860921645,0.4610414240558975,17.72109465979038,0.006144235568125103,-3.4664864415238728,-0.6950590583929462,105.25128098486108,115.98733155880885,0.3165430479472238
KJ Martin,USA,USA,14.93858407079646,0.6215769911504425,16.35805309734513,0.09503008849557522,-0.9097345132743363,0.5741592920353982,109.71911504424779,117.3157522123894,0.4973077812198281
Klay Thompson,USA,USA,14.299132321041217,0.5760000000000001,25.29761388286334,0.07050976138828635,-0.35010845986984823,0.949891540130152,115.60043383947942,114.35379609544471,0.49039165879959734
Kristaps Porzingis,Latvia,International,23.29982592900931,0.6193927192916069,27.25342844168622,0.19227904336638157,4.443449632937258,2.9365019299175055,115.90548323620678,111.65685688337243,0.5788746696681019
Kyle Anderson,USA,USA,13.969409964617002,0.5372493066845175,14.944867552835422,0.12022930094673426,1.6530821459309553,1.643086927417041,111.58095629721718,108.48157406521948,0.3329410747994592
Kyle Kuzma,USA,USA,15.06991555661275,0.546000951474786,27.298091103710753,0.022104186489058042,-1.0048584681255948,0.5639569457659372,110.27406636536632,115.93906398667936,0.4620397744769239
Kyle Lowry,USA,USA,13.005736241138589,0.5873348124898533,16.118069159586558,0.11532750689972401,0.5271930299258617,1.2096920829049194,112.13331349098979,109.58089723469882,0.3687799587382269
Kyrie Irving,Australia,International,22.162183692596063,0.6106218369259606,28.519493908153702,0.16090253045923147,4.480506091846298,3.547563261480787,118.70857544517338,112.91462043111527,0.608893159787127
Lamar Stevens,USA,USA,10.354547156564475,0.533494968406272,15.26161947109759,0.07905050315937281,-2.84747484203136,-0.20000000000000004,110.39595600280835,110.43535221156097,0.3014337909017114
Landry Shamet,USA,USA,10.300851063829787,0.5520170212765959,17.472340425531918,0.06382127659574469,-2.141276595744681,0.06468085106382977,108.30425531914894,108.37957446808511,0.26768605309069465
Larry Nance Jr,USA,USA,15.174266831887651,0.6334469778328514,11.957083849648907,0.14814275092936802,1.3988269310202397,1.075500481894534,112.3244251686631,109.2228886135206,0.3874867797360618
Lauri Markkanen,Finland,International,19.588078127879122,0.6190014741109269,23.877538234752166,0.155473189607518,2.66895153860328,2.3941404090657823,116.35946194951171,113.44188317670906,0.5625309938467923
LeBron James,USA,USA,24.555778049526136,0.6124697798838276,31.410817792723932,0.15878761846530112,6.762739223479059,4.886630999694282,114.79295322531335,112.79217059003363,0.6223902571078511
Lonnie Walker IV,USA,USA,12.472886892609228,0.5397299918334014,22.67872601061658,0.04687290730910577,-1.8519701919150675,0.03564720293997551,109.32062066149447,113.10246018783178,0.3770474888852001
Luguentz Dort,Canada,International,11.49714706215329,0.5495809383642509,19.14743251766913,0.0687662822855849,-2.3031925733046528,-0.17485242030696568,113.24469440895344,112.29540360013583,0.37691053831490934
Luka Doncic,Slovenia,International,27.352312992125984,0.5999178149606298,36.962942913385824,0.1955866961942257,9.038656496062991,6.882193241469816,117.28569553805774,113.41760990813647,0.7129307481536395
Luke Kennard,USA,USA,13.177938584284258,0.6454466400717445,15.864195812845967,0.11747558524291062,0.5,1.0372514457123418,112.64466400717447,107.61717846429787,0.35936338192102235
Malaki Branham,USA,USA,9.094092424964268,0.5250147689375894,19.455169128156268,-0.006029537875178657,-5.402953787517866,-1.4014768937589328,107.0822772748928,118.18227727489281,0.38000354138281023
Malik Beasley,USA,USA,10.989324087956023,0.5613035669665167,18.20190217391304,0.05838515117441279,-1.5259901299350325,0.25242691154422786,114.46210332333831,112.48163730634683,0.38930968176164354
Malik Monk,USA,USA,15.583087323353189,0.5832094083532762,23.70631474138383,0.08694249480322112,0.09966111761315005,0.9907907837965307,114.03397557950636,113.55941970758293,0.4757095129097797
Marcus Morris Sr,USA,USA,11.573482473639212,0.5442425192362496,19.488311009784365,0.06217025268357556,-2.083283461574997,0.033836800607960474,111.4434454260473,114.07322361546498,0.3977484932528291
Marcus Smart,USA,USA,12.909133461918428,0.5390788446158912,18.06971115397281,0.10494613539069483,-0.19086653808157322,1.039422307945618,116.15807969139577,108.1937549983535,0.34713661622618835
Markelle Fultz,USA,USA,15.243250483702933,0.5395785087066527,20.452031552314335,0.08948519124869773,-0.14445602024110732,0.8268938830183062,110.062568834648,112.30406310462868,0.39567198203500775
Marvin Bagley III,USA,USA,17.387950147178554,0.5879428195653535,20.382676770839858,0.09996830963862968,-1.2377528652846495,0.1893405148117994,108.74529341767396,116.0293918707334,0.4765165981124301
Mason Plumlee,USA,USA,17.314317626889707,0.6488839420229623,13.567369733492649,0.15794498415502103,1.1737752610525223,1.5935944724401268,111.03353420956932,113.76156683464076,0.4881665363908555
Matisse Thybulle,USA,USA,10.735450885299905,0.5630624742645378,10.176497232008053,0.08931793018255021,0.49056366381479627,0.9167566454682712,109.53588324106694,110.74093425447225,0.32052469030874
Max Strus,USA,USA,11.624480020996,0.570344071911292,17.656459549898305,0.08554491175119744,-0.6201102289875993,0.680349058460731,112.6481005183387,110.55128272423069,0.36434381394587734
Maxi Kleber,Germany,International,10.173781353525793,0.5505199414877597,11.91045045820247,0.09124002925612011,-0.7379985371939938,0.4497784279137805,111.94154369057348,107.02754807899152,0.25995271700618217
Michael Porter Jr,USA,USA,16.0354009666262,0.6092369379480953,21.523693794809535,0.11541184689740479,0.1411846897404769,1.1764459307785693,121.18843255377145,112.14118468974048,0.5079418695092335
Mikal Bridges,USA,USA,15.384768693124803,0.5912786062765994,20.658170997543337,0.1137592816857548,0.9759281685754817,2.2075775924708485,113.90126293207847,111.48855748936022,0.4501773181613446
Mike Conley,USA,USA,15.903372734938035,0.594771226752788,17.70213500485228,0.15631662344687144,2.4942918052086482,2.4172629937795316,114.4695753853986,109.60050431932801,0.4343420323398232
Miles Bridges,USA,USA,16.709818101317193,0.5753853078994945,23.599752794893554,0.08348596096373094,0.26221082536988516,1.59546175700107,111.40552706342471,116.06576024794303,0.5090874087206032
Mitchell Robinson,USA,USA,19.86893672727273,0.6896808727272726,10.799787636363636,0.20991915636363634,2.2923403636363635,1.8614894545454543,114.08637963636363,111.84638254545453,0.5115974006203042
Mo Bamba,USA,USA,16.262744795682345,0.5879313801079414,17.02205859676176,0.12422794911333847,0.640686198920586,0.9924016962220509,105.12157286044717,111.35931380107941,0.3760744461547426
Monte Morris,USA,USA,14.829307588866618,0.5812758988151117,16.62415446680029,0.11772410118488823,0.21551264811102935,1.1,116.77412782584426,113.3740745439322,0.4690602889045261
Moritz Wagner,Germany,International,18.892502367220455,0.6467664629422398,22.285297408969615,0.16182327623310663,1.4435912886287336,1.0393647241112163,110.10179908754412,111.23079969010931,0.47563439859161516
Myles Turner,USA,USA,19.091659852820932,0.632227309893704,21.38871627146361,0.1334734260016353,1.4460343417825021,1.5457890433360586,116.02796402289451,114.43769419460341,0.5526499553320725
Naji Marshall,USA,USA,11.934824972933958,0.554221941537351,17.18289426199928,0.08116492241068206,-1.4063154095994224,0.2234211476001443,112.92789606640201,109.50754240346444,0.33125088403345504
Nassir Little,USA,USA,11.938204532248694,0.5655345729227194,15.894654270772808,0.055176060429982576,-2.157234166182452,-0.03663567693201628,110.62594421847764,115.26478791400349,0.4061987581310291
Naz Reid,USA,USA,17.036115627822944,0.599293179765131,23.11328364950316,0.11967836495031617,0.9465898825654924,1.199977416440831,109.02451671183377,108.36341463414634,0.37843095874258054
Nic Claxton,USA,USA,19.57197590046819,0.6630832105351514,15.424489377180057,0.17367433922142844,1.8783178825241087,2.009020536830128,111.42139113241684,112.13283094887241,0.4937216889792022
Nick Richards,Jamaica,International,17.354616446194758,0.7002254535662594,14.241011141404961,0.15022838197179306,-1.8908647211282779,0.022740583661516725,106.79096233464608,115.66336127099534,0.49429384898561146
Nickeil AlexanderWalker,Canada,International,10.907465830368844,0.5398957124134057,18.639449541284403,0.06192393746489421,-1.093624789365287,0.43226455719902646,110.52557573488109,108.59265586968732,0.2928430833653466
Nicolas Batum,France,International,11.517718126515506,0.6012860849959586,11.116446164972137,0.10849785170374783,0.7673161186029692,1.0565618751861148,112.67668779512485,110.55608116731187,0.3673964129771749
Nikola Jokic,Serbia,International,31.74622895578227,0.6693506374623559,29.507260835533383,0.30078976345569597,13.302742215795266,9.781615081523542,121.27799196041231,110.34939305093066,0.7718369408476158
Nikola Vucevic,Montenegro,International,18.3504356443289,0.5569140551601652,23.178220357524356,0.11279932047206599,1.2679695242017477,2.160752113872408,112.05612411680673,113.77292441538718,0.48676378191080316
Norman Powell,USA,USA,15.596921359068432,0.6149420162705376,22.77472483649705,0.09975370872547455,-0.3111660551922157,0.6936752273089808,113.10089328441538,114.65708246929334,0.5002798058603929
Obi Toppin,USA,USA,16.292103755014576,0.628317270076994,18.734799292352925,0.12874454937333368,1.1291829666359354,1.1196521565793736,115.4073804599706,111.10953081005655,0.4611014515462144
Ochai Agbaji,USA,USA,8.464565408252852,0.5241845478489904,14.41942054433714,0.023662686567164175,-3.8053380158033363,-0.7026690079016681,111.92646180860403,116.09562774363476,0.3709008713842056
OG Anunoby,United Kingdom,International,14.133062684923965,0.577633523704672,19.24162251427785,0.09083134934287483,0.13728755246679972,1.1179040803688156,114.79785316176977,109.1908208903874,0.3784920128151762
Onyeka Okongwu,USA,USA,18.667498409556792,0.6851062416059942,14.379833180179542,0.1784052449282533,0.40344949459249313,0.8951650526613416,115.58243443839682,113.80845408920618,0.5380675434756399
Oshae Brissett,Canada,International,11.95665759842817,0.5258985112975139,16.807821355701652,0.0612071714652762,-2.610148870248621,-0.18202977404972415,111.45623819239779,114.74925564875689,0.3884945775705122
Paolo Banchero,USA,USA,16.185779886728916,0.5381076075309965,28.67863156283484,0.07003688963722639,7.65345170671277e-05,1.3714832389407623,111.52859329557631,113.4784784938007,0.4590737570910637
Pascal Siakam,Cameroon,International,20.097986968536873,0.5771207818877874,26.102913064422076,0.1385432903176736,2.8266536521055694,3.2296579874755973,115.84866769769032,112.76458940749943,0.5410284360553952
Pat Connaughton,USA,USA,11.053757813635704,0.577234460988931,12.858658858222748,0.09729456108653667,-0.4371607168816066,0.6511806117998878,113.22591946503853,112.76495130106122,0.39401898028328836
Patrick Beverley,USA,USA,11.560380298595465,0.5370882941312726,13.44373223272758,0.0988234538524711,0.04059887552906979,0.7343068921223862,111.94374276148159,111.79958095558973,0.3596043547699219
Patrick Williams,USA,USA,11.132814422664186,0.5682736586063815,16.002335098011162,0.0639377307197024,-1.6359278866790672,0.23203605666046645,111.90934039204464,113.97263413936186,0.39687821665308054
Paul George,USA,USA,19.43095431197621,0.6020871406686491,27.865891682436693,0.12865062629539514,3.0253942506983864,2.863485626745967,119.14838244570606,112.27460574930161,0.5617005237831476
PJ Tucker,USA,USA,8.54371298931016,0.5797107590556025,9.140590632930863,0.09294493578404985,-1.1718987925863265,0.41405060370683694,115.21799584711222,110.15160347612091,0.32978366247311286
PJ Washington,USA,USA,12.850394220197893,0.5530306266687608,18.688770221454376,0.05864702371603582,-1.245619601068007,0.3645673001413538,111.42991361708812,114.16248782786242,0.4083780219017171
Precious Achiuwa,Nigeria,International,14.022070996675518,0.531141792543341,17.788491487985006,0.08741330685646713,-2.0898882170508046,-0.029962739016934803,110.95028447756532,110.98568464267387,0.343502799868534
Quentin Grimes,USA,USA,10.770584049204492,0.5813693132719973,14.904691709449498,0.09129604025822192,-0.6871066944543284,0.5734687134651552,112.54573527169217,111.03202104407056,0.3640192539540283
Reggie Bullock Jr,USA,USA,8.369259970942494,0.5685227070347285,11.472371936073488,0.06670815953507991,-2.064592023246005,-0.08767868022683607,114.0753573604537,112.12750152317572,0.34586066126421794
Reggie Jackson,USA,USA,11.376156436868513,0.5057353082686096,23.815733040071482,0.025865695236786033,-3.3191559557357895,-0.6570211011066053,109.75929617155819,110.43110866726236,0.2993457547476811
RJ Barrett,Canada,International,14.14356821188116,0.5372112866548757,26.784483450500126,0.052821232703654714,-1.933096027228275,-0.021718710521231203,112.3229300120387,114.8505402553394,0.4491354331727898
RJ Hampton,USA,USA,9.299846433058773,0.5077774675415329,18.191344408767275,0.011344687979896694,-3.6826888175345522,-0.5261203406393968,101.88207454976963,114.29984643305878,0.2874889149688138
Robert Covington,USA,USA,12.915365072351706,0.5754357671490113,14.101259251076993,0.09059361537611842,0.6294708936264223,0.9854744283662875,110.41326632055674,110.20000000000002,0.3458156556794659
Romeo Langford,USA,USA,9.825996533795493,0.5220866551126517,14.20415944540728,0.05435181975736568,-2.8606585788561523,-0.21299826689774695,105.56499133448874,109.5686308492201,0.2369471505194929
Royce ONeale,USA,USA,10.138962575226603,0.5657515562850256,12.372199795945525,0.08355091750580372,-0.10767570125242126,1.0705437016664447,114.48838220290111,110.93425601443167,0.3579816068864165
Rudy Gobert,France,International,20.84257639374854,0.6926055808257522,16.14527641707488,0.2176670748775367,2.3202035222766497,2.495124795894564,113.25501807790994,107.11059015628643,0.45500345894002053
Rui Hachimura,Japan,International,14.353830897457087,0.5921126248435766,19.624697187920574,0.08355445895214034,-1.4621254692701817,0.20279791278067671,111.81481595164452,112.69615611644984,0.41630303778995525
Russell Westbrook,USA,USA,15.659230295274657,0.5128190435565667,26.92663633347552,0.04340035072752264,-0.4882980236030143,0.7289824162282572,111.89047348215554,112.75393620550737,0.4120851161472572
Saddiq Bey,USA,USA,13.915985372861433,0.5457724522223674,19.67532105698489,0.07892364285403335,-0.74841321666449,0.7786469896826432,111.69247311827957,116.4497714509599,0.4684358605614961
Sam Hauser,USA,USA,12.87230667547918,0.6311282220753469,14.87230667547918,0.13144613350958362,1.1148711169861203,1.2297422339722406,118.23536021150032,106.80204890945141,0.37603326888166255
Santi Aldama,Spain,International,13.507538466207398,0.565490000303481,16.932096142757423,0.10056538496555492,0.156596157931474,0.9037692331036994,109.51125003793511,112.35853843585929,0.3900305054837538
Scottie Barnes,USA,USA,16.91639344262295,0.5458169128388248,21.113926310663857,0.1036042850186658,1.5118324947248822,2.1028242168479143,112.54698912514203,111.65573770491802,0.4308950921516488
Seth Curry,USA,USA,13.193584905660376,0.6070420485175202,18.753207547169808,0.08595687331536388,-1.142587601078167,0.5106199460916442,112.50630727762801,110.90010781671158,0.39127873527498824
Shai GilgeousAlexander,Canada,International,26.20290132036136,0.6102800555941625,32.237340745888346,0.21229957146166317,6.83042043085476,5.337914060690294,115.2363504748668,111.88655316191799,0.6400386097682049
Shake Milton,USA,USA,12.356676146722087,0.5501090206373513,18.414169036680523,0.07927521330124698,-2.0858309633194776,-0.04291548165973893,111.73964850871435,109.94250711004156,0.33126621525194905
Spencer Dinwiddie,USA,USA,14.391527079233182,0.5549199650120271,20.173089875355345,0.09783495881624024,-0.2308783439026168,1.0645819666156426,113.29861797507105,113.12578759384796,0.4366224980703122
Stephen Curry,USA,USA,21.903850251103332,0.6227886166489118,31.04327195251864,0.1672028610561558,6.081777507228732,4.488717090245015,116.46130878100745,110.22278800791356,0.5774646964304955
Steven Adams,New Zealand,International,17.563802349336058,0.5614479060265577,12.941138917262512,0.15612244637385086,1.4932328907048007,1.5294305413687435,118.12577885597548,109.31901174668027,0.41220458818775313
Talen HortonTucker,USA,USA,12.556435798477104,0.5047119536872848,22.75797955564827,0.033210389068530306,-2.164952539897778,-0.07599874830499632,110.51509857098155,112.8044800250339,0.3575836387653253
Taurean Prince,USA,USA,10.067992766726945,0.5864297769740807,15.575406871609406,0.05777817962628089,-2.432730560578662,-0.21561181434599158,112.7613019891501,113.55955394816155,0.38787514459625083
Terance Mann,USA,USA,12.967024593003117,0.5998038992528082,15.041719036073037,0.11021787322480084,-0.7548913850264735,0.6144391112870503,112.67905883517244,111.45656390717006,0.3948567986473808
Terrence Ross,USA,USA,10.095691609977324,0.5288752834467121,18.7297052154195,0.03396598639455782,-2.934467120181406,-0.31292517006802717,106.78027210884353,114.23061224489797,0.3420011896430696
Terry Rozier,USA,USA,16.549544737703453,0.5464531050078852,25.24264141399113,0.08191733864968608,0.8783780164846611,1.652136459666141,111.03684946588508,114.76735799089477,0.4801570867224843
Theo Maledon,France,International,11.084614511184284,0.5072692176677642,18.70077211309186,0.030507664357897125,-3.4792324287498584,-0.3576927444078574,104.27153400703985,113.99615078914499,0.31306896796452044
Tim Hardaway Jr,USA,USA,12.235333926011938,0.5417215378195475,21.684035778434968,0.05648034181831377,-1.861650670392075,-0.017698713645517748,115.02490883030643,113.46558230672933,0.4165741282569445
TJ McConnell,USA,USA,18.677265962724114,0.5881685210119765,21.206200836227058,0.1186041386152647,1.644674367514705,1.2747218482035292,114.30031890014882,113.95310041811354,0.5066581310456557
Tobias Harris,USA,USA,15.728571039367933,0.5811621849884211,20.21694592017436,0.11380487671979296,0.5222204059392453,1.561577441765427,115.75131453480451,111.33731371747717,0.44697471032384495
Torrey Craig,USA,USA,11.208904928582298,0.5629799769550188,13.337848120529598,0.08575672326456071,-1.3365610800704393,0.33171945996478025,109.9673783072809,114.87538535121855,0.39893939214989593
Trae Young,USA,USA,22.80054926577738,0.5874182266562045,32.69695101446026,0.1431721219594216,3.8154635130590746,3.593442439188432,116.57382019952922,115.93725479206368,0.6513158299516022
Tre Jones,USA,USA,15.254841034979892,0.5595356248577282,16.83121632900827,0.10224963957811668,-0.6477236512633735,0.6406973214963199,110.4437172774869,113.8934251460657,0.42135423380827053
Tre Mann,USA,USA,11.10942123094297,0.5141667701863355,20.50467250141163,0.023983540372670812,-3.3677978543195937,-0.4540711462450594,105.77887916431395,111.31354884246188,0.2812386311358569
Trendon Watford,USA,USA,14.531008280565029,0.6101885046273746,16.734778373112523,0.09246371164150025,-1.7576814417924989,0.1,106.44118850462738,118.11159279103752,0.47978945464809897
Trey Lyles,Canada,International,14.38097312631392,0.5963689369570173,18.025407157873406,0.10306256173855778,-0.7567817431169424,0.45577113041716266,112.91476406372686,112.18925052556926,0.4210769339499677
Trey Murphy III,USA,USA,15.649598010574856,0.6344684323619596,17.417450928317923,0.15163490185663583,2.086107824911273,2.136509814336416,114.07657838190204,110.91986286486879,0.46478699984094607
Troy Brown Jr,USA,USA,9.780945853324196,0.547971898560658,12.172378341329678,0.07138108293351611,-1.2895133653187114,0.35524331734064424,111.02289239204934,112.21048663468129,0.3364196927876024
Ty Jerome,USA,USA,12.055986634490441,0.5414230555039911,17.82645257100427,0.078367180248747,-1.54401336550956,0.10159643586411735,104.84709485799148,108.41345832559867,0.25880214472451996
Tyler Herro,USA,USA,15.723822686496295,0.562266852074819,27.292502840475507,0.07542403635808645,0.6842069561973241,1.4203530668656414,113.28808526513932,110.08469704420966,0.4162994726746299
Tyrese Haliburton,USA,USA,21.36130560131796,0.6062944810543657,22.158649093904447,0.16725082372322897,5.278439044481054,4.08074546952224,115.96219110378914,116.55158566721582,0.6373849653491177
Tyrese Maxey,USA,USA,17.71784317760856,0.5894793167318378,24.087960485696644,0.1362959456678329,1.50039102696028,2.23795019551348,116.40080263428689,111.76268779584277,0.5017447318010828
Tyus Jones,USA,USA,16.32131649868941,0.5568514047328978,16.886015431756935,0.1358615202864843,1.3073023959833132,1.4715140104108984,112.35771403256174,113.74827407981688,0.4595368939922142
Walker Kessler,USA,USA,19.865526744331707,0.6837872980082675,13.066503820618818,0.1677775272453965,1.9660152824752601,1.6330076412376302,113.69193285732182,114.24107478391582,0.5405685769739613
Wendell Carter Jr,USA,USA,17.313736108304706,0.6140773893715901,19.71097595473833,0.13503095574863608,1.1962982420691048,1.36448171347747,108.56261466963024,109.91398666397254,0.40472797521848625
Wesley Matthews,USA,USA,6.944992059580527,0.5283513498713105,10.29507146377526,0.06364865012868956,-3.0300476425168394,-0.2100158808389464,112.91526203384262,107.96995235748317,0.23164925337884812
Will Barton,USA,USA,12.369489037702964,0.531329969727548,20.224126226951654,0.0530577928630401,-1.13649206494817,0.5665993945509586,110.19650490780663,111.24865608659756,0.3440178556764757
Xavier Tillman Sr,USA,USA,14.993574652212349,0.5536162006234587,14.197464290699296,0.1257759735727911,0.49805518075652533,0.7477597357279114,108.95536686363002,109.78343181500952,0.33863445169473355
Zach Collins,USA,USA,15.3209158916296,0.5815291144359077,21.970774363121716,0.0652645572179539,-1.1249292357460574,0.29169025475131416,106.79875657096643,116.30000000000001,0.45528028835896506
Zach LaVine,USA,USA,19.456830150121828,0.6060863396997563,28.528415075060913,0.12162950954963452,2.1284150750609134,2.6543169849878177,112.22841507506091,112.4766112552071,0.5208212828530652
Ziaire Williams,USA,USA,9.52605116142311,0.5381261393707734,16.98738606292267,0.0495589532490444,-3.6523081446633343,-0.4304616289326669,108.37733019700089,110.365539547192,0.2784027407356161
